id,CustomerTypeID,_profile_ID_,FirstName,last_name,email,ip_address,created
1,1,3,Quintin,Whitman,qwhitman0@ocn.ne.jp,151.93.14.92,2/1/2021
2,1,5,Layton,Yersin,lyersin1@home.pl,247.17.253.226,6/6/2020
3,3,2,Lindi,Sudworth,lsudworth2@sakura.ne.jp,132.30.139.86,4/3/2021
4,4,5,Drusilla,Kippen,dkippen3@wired.com,19.142.12.40,9/23/2020
5,1,2,Burton,Lavington,blavington4@addtoany.com,57.1.109.29,10/2/2020
6,4,2,Phedra,Searchfield,psearchfield5@issuu.com,117.217.164.227,10/24/2020
7,5,4,Lewiss,Ceaser,lceaser6@amazonaws.com,56.102.71.254,4/4/2021
8,6,2,Kristin,Giraudeau,kgiraudeau7@qq.com,119.87.158.135,7/27/2020
9,1,2,Bell,Hallows,bhallows8@bluehost.com,27.70.168.3,5/22/2020
10,3,1,Burtie,Felton,bfelton9@ustream.tv,247.220.231.30,11/29/2020
11,1,2,Diane,Piatek,dpiateka@state.tx.us,223.179.136.96,2/15/2021
12,6,3,Craggy,Fieldsend,cfieldsendb@barnesandnoble.com,42.239.191.86,9/4/2020
13,6,1,Joly,Minette,jminettec@123-reg.co.uk,0.190.183.177,6/22/2020
14,4,5,Millie,Hawken,mhawkend@theguardian.com,211.17.155.90,6/20/2020
15,1,5,Emalee,Pendry,ependrye@yellowpages.com,206.160.138.247,8/2/2020
16,5,5,Marian,Snel,msnelf@tinyurl.com,212.136.55.95,8/23/2020
17,2,2,Joletta,Bendtsen,jbendtseng@nifty.com,86.44.6.190,7/4/2020
18,2,3,Dusty,Darridon,ddarridonh@google.nl,76.79.163.186,6/11/2020
19,2,5,Gratia,Blaney,gblaneyi@cdbaby.com,167.144.216.120,9/23/2020
20,4,1,Ingrid,Bernaert,ibernaertj@npr.org,174.27.56.11,7/15/2020
21,4,5,Claude,Maddicks,cmaddicksk@howstuffworks.com,114.168.45.227,11/22/2020
22,3,1,Mohammed,Scarth,mscarthl@simplemachines.org,7.229.243.146,10/17/2020
23,1,1,Caspar,Brockelsby,cbrockelsbym@reverbnation.com,183.5.28.152,7/22/2020
24,6,4,Cleopatra,Abel,cabeln@ucoz.ru,85.171.43.188,6/30/2020
25,6,5,Tarrance,Traher,ttrahero@pen.io,240.42.108.175,10/4/2020
26,4,4,Akim,Goodbairn,agoodbairnp@mashable.com,109.61.74.1,6/1/2020
27,5,4,Hilario,Domenico,hdomenicoq@mediafire.com,182.150.173.33,7/28/2020
28,6,2,Ambur,Buglar,abuglarr@si.edu,182.27.171.210,2/3/2021
29,5,3,Kai,Rosenthal,krosenthals@dmoz.org,27.181.155.54,8/31/2020
30,4,4,Maxie,Ableson,mablesont@about.com,240.131.186.139,6/26/2020
31,1,5,Fern,Allbones,fallbonesu@amazon.de,140.9.35.84,6/12/2020
32,1,4,Livvy,Turney,lturneyv@ask.com,85.9.203.21,2/10/2021
33,2,1,Lianna,McAulay,lmcaulayw@shinystat.com,237.213.165.215,1/11/2021
34,4,4,Charisse,Dimitresco,cdimitrescox@4shared.com,208.133.2.71,7/17/2020
35,1,4,Lock,Hanrahan,lhanrahany@opera.com,23.168.245.246,5/21/2020
36,3,1,Austine,Keady,akeadyz@ning.com,46.99.18.161,8/2/2020
37,6,1,Caressa,Manilo,cmanilo10@people.com.cn,16.49.124.243,1/12/2021
38,6,2,Polly,Fidgin,pfidgin11@purevolume.com,132.77.68.30,5/21/2020
39,1,3,Ayn,Moulds,amoulds12@virginia.edu,35.162.112.150,1/23/2021
40,2,5,Berget,Idill,bidill13@youtu.be,153.151.210.185,3/18/2021
41,2,2,Deina,Ebertz,debertz14@ehow.com,227.18.47.119,6/26/2020
42,6,3,Deena,Crellim,dcrellim15@japanpost.jp,206.11.149.33,5/2/2020
43,2,5,Helyn,Brachell,hbrachell16@phoca.cz,29.38.26.35,1/24/2021
44,1,4,Jocelyne,Ivel,jivel17@dailymotion.com,82.246.121.137,7/29/2020
45,5,4,Raine,Szymonwicz,rszymonwicz18@newsvine.com,86.181.120.211,11/6/2020
46,5,1,Anabelle,Siggers,asiggers19@webnode.com,244.216.124.70,8/26/2020
47,6,2,Joane,Hounihan,jhounihan1a@bloglines.com,215.88.125.193,5/31/2020
48,3,1,Mia,Dumberrill,mdumberrill1b@slideshare.net,222.40.84.202,12/22/2020
49,3,4,Chan,Braiden,cbraiden1c@craigslist.org,140.239.194.34,1/21/2021
50,3,1,Miran,Merrin,mmerrin1d@macromedia.com,153.207.69.25,2/13/2021
51,3,3,Petey,Minghi,pminghi1e@feedburner.com,134.245.89.10,8/20/2020
52,1,2,Toiboid,Whaley,twhaley1f@tamu.edu,167.145.80.65,12/6/2020
53,6,5,Marni,Cunningham,mcunningham1g@google.ca,203.160.65.33,10/16/2020
54,6,2,Kale,Morfell,kmorfell1h@cbc.ca,70.115.45.206,4/22/2020
55,6,3,Stan,Farris,sfarris1i@themeforest.net,7.186.64.99,5/1/2020
56,1,1,Kermit,Cutforth,kcutforth1j@rambler.ru,213.251.76.92,11/16/2020
57,3,3,Belita,Dargan,bdargan1k@senate.gov,146.51.27.184,12/10/2020
58,2,4,Benton,Djurevic,bdjurevic1l@barnesandnoble.com,109.85.49.188,4/9/2021
59,5,5,Albertine,Mabbutt,amabbutt1m@businessinsider.com,187.85.3.126,7/13/2020
60,4,4,Heywood,Duer,hduer1n@ocn.ne.jp,178.222.14.200,7/5/2020
61,1,2,Morissa,Morais,mmorais1o@ezinearticles.com,140.21.2.250,8/27/2020
62,1,5,Laverne,Luchetti,lluchetti1p@nhs.uk,145.165.30.179,7/16/2020
63,4,3,Uriel,Lickorish,ulickorish1q@craigslist.org,21.44.162.60,10/8/2020
64,2,4,Sanson,Godney,sgodney1r@ycombinator.com,182.153.58.76,5/4/2020
65,2,5,Kit,Furzey,kfurzey1s@umich.edu,243.205.10.39,4/8/2021
66,1,2,Mureil,Puvia,mpuvia1t@columbia.edu,61.252.58.31,8/11/2020
67,2,3,Cherise,Graves,cgraves1u@google.co.jp,110.132.121.0,11/8/2020
68,1,1,Fielding,Strivens,fstrivens1v@loc.gov,31.219.140.96,7/23/2020
69,4,5,Leann,Jobes,ljobes1w@cmu.edu,55.234.153.61,10/26/2020
70,3,4,Korie,Brezlaw,kbrezlaw1x@icio.us,25.44.167.155,7/20/2020
71,2,5,Cathy,Huntly,chuntly1y@xinhuanet.com,218.65.33.21,4/6/2021
72,6,1,Jehu,MacVaugh,jmacvaugh1z@tiny.cc,241.83.105.186,1/8/2021
73,3,3,Randa,O'Donegan,rodonegan20@ted.com,205.193.63.75,3/14/2021
74,6,5,Maible,Divver,mdivver21@mapy.cz,182.126.73.25,6/7/2020
75,1,2,Adore,Steutly,asteutly22@state.tx.us,126.140.132.144,11/12/2020
76,2,4,Christina,Roadnight,croadnight23@mediafire.com,207.94.68.212,1/27/2021
77,1,1,Hettie,Challener,hchallener24@wordpress.org,149.196.231.12,7/6/2020
78,2,5,Brenn,Bill,bbill25@umich.edu,133.141.48.23,1/12/2021
79,4,2,Isahella,Berrill,iberrill26@sun.com,14.250.78.33,7/11/2020
80,6,1,Evelin,Orrick,eorrick27@wisc.edu,187.82.135.97,6/19/2020
81,1,2,Marney,Eglinton,meglinton28@blinklist.com,149.5.103.230,2/16/2021
82,6,3,Hewett,Jore,hjore29@dagondesign.com,217.51.67.236,8/13/2020
83,2,3,Beret,Ferrolli,bferrolli2a@hostgator.com,66.51.109.47,8/15/2020
84,5,1,Karl,Paniman,kpaniman2b@samsung.com,217.10.60.10,7/10/2020
85,2,2,Andrej,Bellord,abellord2c@mac.com,10.38.191.174,5/16/2020
86,2,5,Paco,Smitham,psmitham2d@netvibes.com,63.140.181.45,6/28/2020
87,4,4,Derron,Pymar,dpymar2e@scientificamerican.com,109.72.143.101,1/11/2021
88,6,5,Willabella,Edgett,wedgett2f@arizona.edu,161.28.97.70,11/6/2020
89,1,2,Noble,Blackden,nblackden2g@fastcompany.com,76.164.174.3,12/14/2020
90,5,2,Eldridge,Stonard,estonard2h@mlb.com,96.120.148.114,6/16/2020
91,6,4,Keri,Rummer,krummer2i@aboutads.info,216.237.232.226,8/15/2020
92,5,4,Ardra,Kerans,akerans2j@skyrock.com,190.227.185.101,12/4/2020
93,5,5,Manda,Brocks,mbrocks2k@mashable.com,110.102.227.17,11/15/2020
94,4,5,Idell,Samwayes,isamwayes2l@bbb.org,56.195.213.223,2/25/2021
95,4,2,Hewet,Gartsyde,hgartsyde2m@ehow.com,176.159.13.200,5/28/2020
96,5,3,Deedee,Imlin,dimlin2n@nps.gov,13.39.230.101,2/22/2021
97,4,5,Niccolo,Gosforth,ngosforth2o@abc.net.au,31.30.213.222,1/14/2021
98,1,5,Salaidh,Seywood,sseywood2p@soup.io,123.29.177.109,3/30/2021
99,4,3,Sherlocke,Drowsfield,sdrowsfield2q@ebay.co.uk,66.173.182.40,3/17/2021
100,6,4,Grant,Berrey,gberrey2r@nature.com,219.42.38.78,1/13/2021
101,1,5,Bourke,Siward,bsiward2s@zdnet.com,130.125.40.167,4/25/2020
102,6,4,Marcus,Malim,mmalim2t@whitehouse.gov,201.122.74.4,10/13/2020
103,1,1,Dasya,Carney,dcarney2u@newsvine.com,254.88.196.84,3/24/2021
104,5,5,Leeland,Kelshaw,lkelshaw2v@printfriendly.com,30.116.111.187,7/15/2020
105,3,5,Christoph,Cardow,ccardow2w@imgur.com,188.145.70.62,5/1/2020
106,6,5,Allin,Groomebridge,agroomebridge2x@clickbank.net,122.255.41.223,4/26/2020
107,3,3,Chandler,Filipponi,cfilipponi2y@nytimes.com,117.110.240.154,9/7/2020
108,6,3,Noach,Penkethman,npenkethman2z@scribd.com,139.106.136.148,9/21/2020
109,1,2,Staffard,Napolione,snapolione30@smugmug.com,54.87.22.43,2/3/2021
110,1,1,Nap,Wadesworth,nwadesworth31@discuz.net,76.75.198.224,12/13/2020
111,6,3,Nancie,Boltwood,nboltwood32@nifty.com,155.193.172.104,1/7/2021
112,2,5,Leoline,Comberbach,lcomberbach33@spiegel.de,174.203.239.8,11/11/2020
113,3,3,Leodora,Panketh,lpanketh34@vinaora.com,244.232.124.121,5/31/2020
114,6,4,Arliene,Keston,akeston35@elegantthemes.com,67.47.125.231,7/24/2020
115,3,5,Jeanne,Michelet,jmichelet36@ucla.edu,200.182.192.206,9/29/2020
116,5,4,Jaclyn,Beneze,jbeneze37@huffingtonpost.com,97.166.184.36,12/31/2020
117,2,3,Gusta,Stilliard,gstilliard38@huffingtonpost.com,224.176.236.103,11/22/2020
118,4,2,Shaw,Howells,showells39@biblegateway.com,186.117.27.2,2/24/2021
119,4,5,Kathryne,Ganford,kganford3a@linkedin.com,240.128.45.83,4/5/2021
120,4,5,Walliw,Llorens,wllorens3b@state.tx.us,21.209.176.78,7/11/2020
121,1,2,Garold,Portal,gportal3c@live.com,127.195.213.9,2/23/2021
122,3,2,Hamlin,Pilcher,hpilcher3d@netlog.com,108.88.22.252,4/2/2021
123,6,2,Jae,Toffaloni,jtoffaloni3e@newsvine.com,68.58.79.15,3/30/2021
124,4,4,Eileen,Baxill,ebaxill3f@jiathis.com,169.227.236.73,12/23/2020
125,3,5,Elisa,Spatari,espatari3g@wix.com,119.96.63.253,6/26/2020
126,3,5,Sayer,McNern,smcnern3h@scientificamerican.com,160.74.41.182,8/25/2020
127,3,2,Bud,Yeell,byeell3i@xing.com,87.16.79.59,7/31/2020
128,1,2,Ilene,Betham,ibetham3j@princeton.edu,243.209.154.108,9/19/2020
129,1,5,Gib,Merryfield,gmerryfield3k@wix.com,148.110.234.31,6/23/2020
130,1,2,Bron,Dunkley,bdunkley3l@flavors.me,97.22.116.189,6/20/2020
131,5,5,Cornelius,McNickle,cmcnickle3m@whitehouse.gov,175.11.153.217,6/21/2020
132,3,4,Elysee,Nunns,enunns3n@ask.com,98.113.14.239,5/5/2020
133,2,1,Terrence,Swafield,tswafield3o@ucla.edu,215.73.111.226,9/27/2020
134,1,5,Ivie,Norgan,inorgan3p@nymag.com,176.93.227.238,2/21/2021
135,2,1,Cary,Pharo,cpharo3q@chronoengine.com,208.197.172.68,8/27/2020
136,4,2,Tammi,Prott,tprott3r@whitehouse.gov,54.133.212.25,3/16/2021
137,3,4,Corey,Kimbly,ckimbly3s@webnode.com,77.217.62.113,11/9/2020
138,4,2,Kelsey,Lavarack,klavarack3t@istockphoto.com,184.231.81.35,5/4/2020
139,6,5,Harriot,Earney,hearney3u@elegantthemes.com,64.6.207.225,9/29/2020
140,6,1,Nicol,Tilberry,ntilberry3v@example.com,76.47.224.164,11/18/2020
141,2,2,Jon,Wornum,jwornum3w@desdev.cn,162.6.80.16,6/23/2020
142,3,5,Teodoro,Lurner,tlurner3x@webs.com,41.122.58.42,6/11/2020
143,1,3,Spike,Asprey,sasprey3y@blog.com,244.219.229.119,11/23/2020
144,5,1,Bartolomeo,Biddleston,bbiddleston3z@alibaba.com,68.240.123.139,8/17/2020
145,4,4,Warden,Lidgate,wlidgate40@1688.com,229.4.166.133,8/6/2020
146,2,2,Fanny,Ludlam,fludlam41@parallels.com,129.236.159.77,5/27/2020
147,1,2,Kalil,Brobak,kbrobak42@last.fm,187.173.91.34,4/11/2021
148,1,5,Kirk,Claque,kclaque43@1688.com,225.56.14.125,3/24/2021
149,3,3,Lock,Olive,lolive44@elpais.com,255.203.129.16,7/22/2020
150,4,1,Lane,Wieprecht,lwieprecht45@toplist.cz,173.251.172.105,2/22/2021
151,5,3,Suzi,Fitton,sfitton46@yandex.ru,6.35.154.45,12/8/2020
152,3,1,Zora,Osan,zosan47@yellowpages.com,210.118.180.164,6/30/2020
153,4,1,Tabb,Wanklin,twanklin48@berkeley.edu,55.3.3.45,10/12/2020
154,5,1,Witty,Raffles,wraffles49@e-recht24.de,240.212.158.186,6/23/2020
155,1,1,Esmeralda,Chamney,echamney4a@omniture.com,117.255.206.125,5/25/2020
156,1,4,Marlene,Collaton,mcollaton4b@altervista.org,175.113.98.226,12/17/2020
157,1,4,Almeta,Welfare,awelfare4c@disqus.com,239.93.116.45,8/3/2020
158,5,3,Roselle,Devas,rdevas4d@nsw.gov.au,135.131.54.246,6/20/2020
159,1,1,Claretta,Slavin,cslavin4e@usa.gov,174.88.147.111,3/28/2021
160,3,3,Dennie,Rutland,drutland4f@geocities.jp,35.60.213.8,7/27/2020
161,5,4,Booth,Craigs,bcraigs4g@ameblo.jp,40.11.251.103,11/12/2020
162,4,5,Deck,Ravenscroft,dravenscroft4h@mit.edu,49.30.53.58,7/25/2020
163,6,2,Pincas,Haskins,phaskins4i@goo.gl,167.153.115.73,2/9/2021
164,5,5,Car,Kinglesyd,ckinglesyd4j@squarespace.com,168.215.204.69,2/15/2021
165,4,1,Davidde,Blazhevich,dblazhevich4k@ovh.net,3.170.81.228,4/20/2020
166,2,3,Tudor,McGriffin,tmcgriffin4l@redcross.org,143.222.13.159,4/19/2021
167,6,2,Sula,Muddle,smuddle4m@cdc.gov,104.118.224.178,12/12/2020
168,5,2,Garvy,Karadzas,gkaradzas4n@telegraph.co.uk,98.66.148.11,2/1/2021
169,5,1,Chev,Brawn,cbrawn4o@digg.com,232.32.142.255,4/22/2020
170,4,4,Rowen,Clemont,rclemont4p@yahoo.co.jp,10.228.127.151,6/21/2020
171,2,4,Connie,Sneyd,csneyd4q@scribd.com,101.120.66.123,2/14/2021
172,3,2,Linell,Pendlenton,lpendlenton4r@npr.org,8.10.42.43,6/7/2020
173,6,2,Ellery,Blais,eblais4s@gravatar.com,181.187.219.28,7/22/2020
174,2,1,Henryetta,Olliver,holliver4t@wsj.com,232.85.230.163,11/3/2020
175,5,1,Lauritz,Lescop,llescop4u@nhs.uk,79.153.2.207,3/18/2021
176,1,4,Natal,Cornick,ncornick4v@dion.ne.jp,153.246.128.137,6/26/2020
177,1,5,Luella,Roake,lroake4w@newyorker.com,65.113.92.195,10/17/2020
178,4,4,Harry,Bednall,hbednall4x@microsoft.com,23.156.130.131,2/16/2021
179,6,3,Neala,Druitt,ndruitt4y@vinaora.com,71.49.36.203,7/18/2020
180,1,5,Ealasaid,Segot,esegot4z@ebay.co.uk,149.180.1.118,2/13/2021
181,4,5,Hesther,Marflitt,hmarflitt50@theguardian.com,130.246.160.183,5/6/2020
182,2,3,Felicia,Antunez,fantunez51@godaddy.com,47.62.115.81,4/6/2021
183,2,4,Corliss,Blesdill,cblesdill52@dagondesign.com,186.131.148.97,4/7/2021
184,1,1,Leanora,Mitchelson,lmitchelson53@fema.gov,175.45.126.213,6/13/2020
185,2,4,Sam,Sirmond,ssirmond54@earthlink.net,95.48.76.24,1/11/2021
186,4,2,Isa,Waylen,iwaylen55@chronoengine.com,231.46.177.210,2/8/2021
187,5,5,Farlee,Spanton,fspanton56@ifeng.com,94.203.69.12,10/12/2020
188,4,1,Adelind,Gallico,agallico57@techcrunch.com,158.6.80.199,2/17/2021
189,4,4,Lyman,Chilcott,lchilcott58@wikimedia.org,104.147.147.25,1/31/2021
190,6,3,Celinka,Antill,cantill59@bbc.co.uk,195.194.128.166,5/13/2020
191,4,5,Zitella,Edridge,zedridge5a@moonfruit.com,64.158.39.189,4/26/2020
192,2,5,Donetta,Denslow,ddenslow5b@vinaora.com,78.88.105.0,3/27/2021
193,5,5,Berty,Russe,brusse5c@tinyurl.com,212.241.239.103,12/26/2020
194,5,3,Edie,Jenking,ejenking5d@vk.com,55.160.233.212,8/11/2020
195,3,4,Seamus,Rosenthal,srosenthal5e@cisco.com,51.106.86.246,8/22/2020
196,5,4,Bentley,McPhillimey,bmcphillimey5f@com.com,47.210.207.139,6/4/2020
197,5,4,Gabi,Laurentino,glaurentino5g@fotki.com,172.133.74.72,9/9/2020
198,5,2,Charlean,Tineman,ctineman5h@techcrunch.com,15.150.181.14,2/27/2021
199,6,5,Howard,Syversen,hsyversen5i@pbs.org,77.160.202.37,3/18/2021
200,1,5,Lazaro,Penketh,lpenketh5j@indiegogo.com,163.55.171.92,7/27/2020
201,3,2,Derril,Moreinis,dmoreinis5k@indiegogo.com,44.231.60.38,5/2/2020
202,2,1,Reta,Grellier,rgrellier5l@barnesandnoble.com,117.195.148.238,3/17/2021
203,2,2,Keelia,Lovewell,klovewell5m@surveymonkey.com,53.189.2.154,6/14/2020
204,3,4,Konrad,Adney,kadney5n@accuweather.com,141.198.70.250,1/17/2021
205,3,2,Jena,Ferraro,jferraro5o@hibu.com,223.238.211.38,8/21/2020
206,2,3,Willem,Gillon,wgillon5p@npr.org,24.131.150.213,10/8/2020
207,4,2,Devina,Gaythor,dgaythor5q@home.pl,254.143.12.88,3/3/2021
208,4,5,Oliy,Cranna,ocranna5r@stanford.edu,107.58.191.128,8/6/2020
209,1,4,Hillery,Perocci,hperocci5s@linkedin.com,88.213.209.133,2/1/2021
210,6,4,Garold,Dotson,gdotson5t@e-recht24.de,170.118.171.173,10/30/2020
211,4,5,Karoly,Ccomini,kccomini5u@clickbank.net,70.99.142.158,8/25/2020
212,5,5,Blake,Goulthorp,bgoulthorp5v@newsvine.com,150.151.108.1,6/10/2020
213,5,1,Garvey,Jarville,gjarville5w@parallels.com,192.86.44.10,12/31/2020
214,6,3,Fidel,Cumbridge,fcumbridge5x@census.gov,214.199.34.231,8/12/2020
215,5,1,Curt,Pechold,cpechold5y@cmu.edu,21.74.151.140,4/9/2021
216,5,1,Friederike,Pineaux,fpineaux5z@bloglovin.com,125.5.190.129,8/3/2020
217,6,1,Gnni,Truman,gtruman60@purevolume.com,36.73.252.192,3/26/2021
218,6,3,Baird,Mussen,bmussen61@cbslocal.com,239.155.74.142,4/22/2020
219,2,1,Tybi,Jankowski,tjankowski62@si.edu,172.69.108.243,9/24/2020
220,1,4,Tracey,Dungay,tdungay63@spotify.com,159.191.183.207,12/24/2020
221,5,3,Egon,Chesman,echesman64@diigo.com,59.157.198.108,5/28/2020
222,4,1,Giacobo,Vannacci,gvannacci65@icq.com,244.117.2.92,3/14/2021
223,3,5,Arlena,Blackburne,ablackburne66@pbs.org,119.21.116.205,4/16/2021
224,3,3,Tony,Dibson,tdibson67@unicef.org,172.54.165.142,4/9/2021
225,4,4,Eulalie,Folk,efolk68@t-online.de,82.25.47.171,10/10/2020
226,4,4,Alli,Ridgwell,aridgwell69@com.com,170.53.170.75,4/21/2020
227,2,5,Darcee,Haly,dhaly6a@technorati.com,3.214.200.44,9/25/2020
228,4,1,Silvan,Matas,smatas6b@state.tx.us,33.230.237.103,9/1/2020
229,2,1,Blair,Whittock,bwhittock6c@bizjournals.com,44.65.225.72,9/25/2020
230,4,4,Ernst,Cleve,ecleve6d@wired.com,125.144.58.199,10/25/2020
231,3,1,Gabriel,Robion,grobion6e@tumblr.com,139.188.185.54,6/5/2020
232,4,3,Alessandra,Dauber,adauber6f@fc2.com,81.207.29.249,3/30/2021
233,4,5,Eleen,Barnwill,ebarnwill6g@chron.com,204.107.171.248,7/26/2020
234,3,2,Johny,Whittuck,jwhittuck6h@bigcartel.com,108.33.45.78,12/14/2020
235,1,4,Cthrine,Miche,cmiche6i@boston.com,22.246.51.91,2/2/2021
236,3,2,Fenelia,Glennon,fglennon6j@studiopress.com,77.78.196.58,7/15/2020
237,3,1,Artus,Lagadu,alagadu6k@tiny.cc,255.239.58.51,1/2/2021
238,5,2,Lanie,Walentynowicz,lwalentynowicz6l@jimdo.com,119.251.100.128,11/1/2020
239,4,1,Ashly,Macrow,amacrow6m@edublogs.org,25.26.134.241,6/29/2020
240,6,5,Beaufort,Peggrem,bpeggrem6n@booking.com,220.23.236.130,3/15/2021
241,1,2,Ryun,Bondley,rbondley6o@disqus.com,244.57.51.197,9/23/2020
242,3,2,Ade,Garth,agarth6p@naver.com,8.218.12.92,12/25/2020
243,4,1,Lynnet,Foxon,lfoxon6q@businessinsider.com,219.223.151.222,3/17/2021
244,2,3,Consolata,Millichip,cmillichip6r@pen.io,251.244.79.240,12/20/2020
245,2,4,Christoforo,Lubman,clubman6s@blogger.com,161.8.88.248,3/7/2021
246,6,5,Hubey,Clancey,hclancey6t@mac.com,118.123.112.230,8/20/2020
247,6,5,Rosemarie,Kennermann,rkennermann6u@marriott.com,37.116.91.172,4/8/2021
248,1,5,Marven,Raffles,mraffles6v@irs.gov,52.178.119.151,10/15/2020
249,5,4,Fredi,Pocknoll,fpocknoll6w@google.com.hk,117.139.179.218,12/21/2020
250,4,5,Tiena,Swinley,tswinley6x@auda.org.au,247.130.237.80,3/9/2021
251,2,5,Sax,Garard,sgarard6y@php.net,228.217.130.138,4/24/2020
252,3,2,Midge,Vautre,mvautre6z@nbcnews.com,246.16.229.139,1/10/2021
253,6,3,Tarra,Lober,tlober70@arizona.edu,141.49.73.113,3/8/2021
254,6,2,Maggy,Preddle,mpreddle71@arstechnica.com,204.39.81.159,7/1/2020
255,3,1,Ally,Whitebrook,awhitebrook72@freewebs.com,228.42.246.132,11/22/2020
256,3,3,Valene,Piatek,vpiatek73@dmoz.org,88.233.159.239,6/17/2020
257,3,1,Gretta,Rookeby,grookeby74@un.org,44.73.176.90,7/10/2020
258,1,3,Dennet,Tiley,dtiley75@baidu.com,233.55.184.144,6/22/2020
259,2,4,Kaile,Tschirschky,ktschirschky76@mysql.com,249.17.42.70,12/24/2020
260,5,2,Melloney,Lewknor,mlewknor77@purevolume.com,23.171.244.67,4/6/2021
261,4,4,Myriam,McWaters,mmcwaters78@state.tx.us,115.113.201.85,3/8/2021
262,3,5,Betta,Hanvey,bhanvey79@xrea.com,18.243.25.148,4/3/2021
263,2,1,Rossy,McCrum,rmccrum7a@wikia.com,95.62.52.79,10/2/2020
264,6,1,Blane,Benfell,bbenfell7b@tripod.com,59.221.183.171,3/10/2021
265,2,3,Blakelee,Harrie,bharrie7c@people.com.cn,169.72.230.52,5/22/2020
266,4,4,Barton,Joutapavicius,bjoutapavicius7d@seesaa.net,175.130.207.235,9/30/2020
267,6,3,Lynelle,O' Connell,loconnell7e@printfriendly.com,161.242.35.65,3/21/2021
268,6,1,Fletch,Priestland,fpriestland7f@elegantthemes.com,98.59.203.120,2/5/2021
269,1,5,Sax,Dankersley,sdankersley7g@blog.com,192.194.139.2,7/31/2020
270,3,3,Latia,Juste,ljuste7h@jimdo.com,241.204.172.215,3/4/2021
271,4,5,Darrin,Tantrum,dtantrum7i@bbb.org,54.62.153.246,3/20/2021
272,1,3,Mufinella,Curthoys,mcurthoys7j@about.com,5.225.12.201,12/8/2020
273,1,4,Laurianne,Hellwich,lhellwich7k@mysql.com,34.196.91.98,4/7/2021
274,2,4,Alain,Chene,achene7l@diigo.com,3.202.166.114,4/19/2021
275,5,3,Bail,Rosiello,brosiello7m@unc.edu,83.4.83.10,7/17/2020
276,1,2,Town,McPheat,tmcpheat7n@wiley.com,170.20.151.14,2/18/2021
277,4,2,Milicent,Borham,mborham7o@networksolutions.com,115.202.76.83,11/29/2020
278,1,4,Latrena,Pinchen,lpinchen7p@nature.com,53.167.85.132,2/12/2021
279,2,4,Ruperto,Strond,rstrond7q@xrea.com,108.103.109.36,8/28/2020
280,1,1,Warner,Schmidt,wschmidt7r@webeden.co.uk,173.46.163.58,6/28/2020
281,2,1,Rawley,Ahrens,rahrens7s@linkedin.com,12.8.202.36,11/12/2020
282,2,4,Gigi,Godfray,ggodfray7t@paginegialle.it,51.173.131.207,2/23/2021
283,6,2,Nowell,Vanyarkin,nvanyarkin7u@shareasale.com,211.26.135.38,11/15/2020
284,5,4,Camellia,Schimaschke,cschimaschke7v@a8.net,61.62.179.183,2/10/2021
285,3,2,Odele,Lambersen,olambersen7w@ask.com,192.249.250.122,10/26/2020
286,4,1,Valerie,Moran,vmoran7x@altervista.org,66.173.9.103,9/14/2020
287,3,1,Joyan,Hallyburton,jhallyburton7y@webeden.co.uk,101.190.139.165,3/31/2021
288,5,3,Mason,Forsythe,mforsythe7z@alexa.com,92.27.12.118,1/15/2021
289,5,3,Janifer,Clerk,jclerk80@csmonitor.com,152.5.45.158,10/14/2020
290,2,2,Berty,Duval,bduval81@livejournal.com,111.10.179.209,9/13/2020
291,5,2,Lorens,Paine,lpaine82@imgur.com,251.179.203.43,6/3/2020
292,4,2,Shirley,Corkish,scorkish83@oracle.com,122.120.252.171,2/16/2021
293,5,2,Vivi,Biaggioni,vbiaggioni84@cbslocal.com,203.247.93.150,2/14/2021
294,2,3,Mick,MacKey,mmackey85@flickr.com,92.201.227.83,6/28/2020
295,6,5,York,Rosetti,yrosetti86@businessweek.com,176.44.78.85,3/24/2021
296,5,2,Rogerio,Rennolds,rrennolds87@merriam-webster.com,56.119.106.211,10/31/2020
297,2,5,Harmonia,Warrier,hwarrier88@hexun.com,120.118.213.97,10/21/2020
298,5,1,Adeline,Davitt,adavitt89@mediafire.com,142.221.2.131,2/16/2021
299,3,2,Kath,Brewett,kbrewett8a@google.fr,168.42.192.71,3/23/2021
300,1,1,Ragnar,Golborn,rgolborn8b@rediff.com,98.167.29.210,4/9/2021
301,3,5,Kym,Heads,kheads8c@hexun.com,18.173.83.96,8/15/2020
302,1,1,Thekla,Fieldhouse,tfieldhouse8d@alexa.com,53.89.220.221,12/15/2020
303,1,5,Alexandre,Gatecliffe,agatecliffe8e@scientificamerican.com,139.136.59.112,4/18/2021
304,1,4,Godart,Drillingcourt,gdrillingcourt8f@umich.edu,241.188.209.196,2/23/2021
305,2,2,Wynnie,Gittoes,wgittoes8g@nyu.edu,205.211.237.188,10/6/2020
306,6,5,Virginie,Ramalho,vramalho8h@seesaa.net,107.152.19.166,1/13/2021
307,2,1,Hoebart,Giorgetti,hgiorgetti8i@oracle.com,204.168.165.70,8/1/2020
308,3,2,Ozzie,Langer,olanger8j@smugmug.com,217.253.73.16,12/16/2020
309,1,4,Brent,Carlin,bcarlin8k@mapy.cz,185.240.23.93,12/11/2020
310,3,3,Caprice,Wortman,cwortman8l@topsy.com,199.194.196.83,3/21/2021
311,2,2,Andre,Lawrinson,alawrinson8m@usgs.gov,49.247.23.163,2/26/2021
312,2,3,Sylas,Lothean,slothean8n@nbcnews.com,143.192.237.91,3/18/2021
313,4,1,Darlleen,Cardenosa,dcardenosa8o@trellian.com,24.93.159.178,6/10/2020
314,1,5,Bronson,Barrell,bbarrell8p@xing.com,25.76.220.129,9/8/2020
315,1,3,Tomi,Cracie,tcracie8q@chicagotribune.com,178.154.11.233,2/16/2021
316,1,2,Dedra,O'Keenan,dokeenan8r@devhub.com,87.161.185.16,10/28/2020
317,4,4,Chickie,Pimlott,cpimlott8s@wikimedia.org,239.115.66.68,3/31/2021
318,3,2,Dell,Domokos,ddomokos8t@google.cn,69.228.170.53,4/7/2021
319,3,2,Olva,Malyan,omalyan8u@seesaa.net,5.192.125.147,2/6/2021
320,2,5,Cobby,Arnowitz,carnowitz8v@usatoday.com,47.244.134.47,11/19/2020
321,2,4,Drugi,Tudbald,dtudbald8w@plala.or.jp,13.179.164.22,4/21/2020
322,3,5,Avictor,Liggens,aliggens8x@yellowbook.com,115.64.166.86,8/17/2020
323,6,2,Carley,Bourgourd,cbourgourd8y@go.com,159.18.74.50,12/8/2020
324,3,2,Alfred,Lafayette,alafayette8z@google.cn,153.181.16.204,8/9/2020
325,1,5,Bobbi,Cannings,bcannings90@buzzfeed.com,72.194.242.255,4/11/2021
326,6,1,Gill,Hurrell,ghurrell91@wordpress.com,10.255.6.82,10/28/2020
327,6,1,Berthe,McLaggan,bmclaggan92@house.gov,135.46.241.206,7/11/2020
328,3,1,Aubrey,Kemwall,akemwall93@jalbum.net,216.151.104.87,4/14/2021
329,2,4,Dominik,Docker,ddocker94@salon.com,142.22.101.114,7/2/2020
330,5,1,Virgina,Cuddehay,vcuddehay95@dot.gov,28.210.138.62,4/13/2021
331,5,3,Raymond,Rubinsaft,rrubinsaft96@livejournal.com,121.230.69.24,11/27/2020
332,6,3,Aile,Vogl,avogl97@dot.gov,115.216.124.46,6/2/2020
333,2,1,Daisi,Summerley,dsummerley98@seattletimes.com,126.28.52.119,7/9/2020
334,6,3,Aurthur,Clarycott,aclarycott99@howstuffworks.com,166.192.255.21,12/5/2020
335,2,2,Holli,Hagyard,hhagyard9a@wisc.edu,50.192.59.73,3/16/2021
336,1,1,Dahlia,Kettridge,dkettridge9b@vkontakte.ru,137.100.91.173,5/10/2020
337,6,1,Zahara,Peacher,zpeacher9c@cargocollective.com,15.179.252.206,5/28/2020
338,2,1,Florina,Stiffkins,fstiffkins9d@github.com,166.244.110.115,5/19/2020
339,6,3,Westbrooke,Warbys,wwarbys9e@wisc.edu,183.133.70.127,2/23/2021
340,6,4,Dare,Louth,dlouth9f@barnesandnoble.com,85.119.62.8,1/9/2021
341,1,3,Nicholle,MacLice,nmaclice9g@google.ca,119.8.98.204,5/2/2020
342,2,3,Letti,Abramow,labramow9h@intel.com,17.41.195.194,9/3/2020
343,6,4,Analiese,Dell,adell9i@dmoz.org,8.11.128.229,5/4/2020
344,3,5,Collette,Futty,cfutty9j@constantcontact.com,187.146.64.227,10/16/2020
345,5,3,Sigismond,Giddy,sgiddy9k@exblog.jp,195.123.136.28,6/20/2020
346,4,3,Joelle,Amoss,jamoss9l@usnews.com,85.201.139.43,1/5/2021
347,5,3,Susette,Foucar,sfoucar9m@paginegialle.it,212.54.204.61,1/6/2021
348,2,5,Atlante,Quilliam,aquilliam9n@springer.com,4.41.29.226,10/11/2020
349,3,3,Stillman,Mowne,smowne9o@dagondesign.com,13.163.209.57,7/26/2020
350,4,2,Milka,Andreasson,mandreasson9p@boston.com,129.124.30.10,7/26/2020
351,3,2,Alick,MacGauhy,amacgauhy9q@dedecms.com,44.106.117.34,2/5/2021
352,2,5,Jeno,Currall,jcurrall9r@hostgator.com,101.1.101.222,2/28/2021
353,5,3,Son,Laurenzi,slaurenzi9s@feedburner.com,229.65.125.166,3/27/2021
354,4,2,Saleem,Skellington,sskellington9t@spiegel.de,48.191.246.37,7/8/2020
355,1,3,Yvette,Jonsson,yjonsson9u@e-recht24.de,88.221.82.70,12/15/2020
356,2,1,Agnella,Jotcham,ajotcham9v@samsung.com,151.152.80.147,3/16/2021
357,5,1,Elsie,Dewberry,edewberry9w@godaddy.com,35.121.214.163,1/7/2021
358,2,1,Rozelle,Fisby,rfisby9x@cornell.edu,214.136.187.73,5/15/2020
359,5,1,Brigg,Gittings,bgittings9y@seesaa.net,82.199.191.159,7/4/2020
360,1,2,Culver,Pratton,cpratton9z@moonfruit.com,220.96.24.201,9/26/2020
361,1,2,Norrie,Stivers,nstiversa0@printfriendly.com,88.125.199.91,3/14/2021
362,5,4,Sergent,Colrein,scolreina1@discuz.net,91.179.202.54,7/10/2020
363,4,5,Finley,Balint,fbalinta2@wisc.edu,223.254.61.187,5/28/2020
364,3,2,Kevin,Syer,ksyera3@globo.com,120.69.197.61,7/14/2020
365,1,3,Ange,Rubury,aruburya4@cocolog-nifty.com,223.73.11.146,2/3/2021
366,6,3,Tomasine,Brazener,tbrazenera5@telegraph.co.uk,25.66.98.84,5/27/2020
367,4,3,Wendy,Ogilvie,wogilviea6@washington.edu,72.183.116.210,7/1/2020
368,6,1,Andy,Wicks,awicksa7@state.gov,208.253.213.52,11/10/2020
369,1,1,Horatius,Waddell,hwaddella8@mediafire.com,226.169.121.113,12/16/2020
370,5,1,Kerrie,Sher,kshera9@about.com,140.20.183.11,8/5/2020
371,2,2,Vally,Witt,vwittaa@independent.co.uk,79.173.25.138,2/2/2021
372,4,5,Ross,Bifield,rbifieldab@latimes.com,201.47.202.57,3/11/2021
373,3,2,Dewey,Blaza,dblazaac@sfgate.com,235.85.17.162,3/2/2021
374,4,2,Martita,Lodder,mlodderad@drupal.org,239.27.241.233,12/3/2020
375,1,3,Willdon,Whilde,wwhildeae@yellowbook.com,24.123.1.147,10/30/2020
376,2,4,Gusella,Rihosek,grihosekaf@noaa.gov,42.58.208.126,11/22/2020
377,6,2,Carolan,Schult,cschultag@ovh.net,65.235.58.239,9/22/2020
378,1,2,Lion,Jacobsohn,ljacobsohnah@netscape.com,122.155.88.69,1/12/2021
379,6,5,Elianora,Mably,emablyai@hao123.com,99.32.81.178,9/3/2020
380,4,5,Idette,Lerven,ilervenaj@networksolutions.com,6.173.167.173,6/26/2020
381,3,5,Allin,Wheater,awheaterak@123-reg.co.uk,56.63.38.27,7/13/2020
382,2,2,Irina,Huxham,ihuxhamal@istockphoto.com,148.9.103.180,8/22/2020
383,5,3,Dillon,Molyneaux,dmolyneauxam@virginia.edu,24.168.169.211,6/27/2020
384,3,3,Lucie,Puddan,lpuddanan@dropbox.com,97.245.152.203,11/15/2020
385,2,5,Paxton,Cotter,pcotterao@salon.com,218.228.191.90,10/25/2020
386,6,1,Hubey,Bernardez,hbernardezap@japanpost.jp,162.236.106.182,3/25/2021
387,5,4,Gwennie,Haburne,ghaburneaq@typepad.com,44.219.149.205,11/22/2020
388,3,1,Feodor,Capponeer,fcapponeerar@jimdo.com,175.185.48.0,7/28/2020
389,3,2,Karalynn,Eversfield,keversfieldas@wisc.edu,168.247.243.146,4/16/2021
390,4,1,Olivette,Wallen,owallenat@aol.com,245.219.16.197,11/11/2020
391,6,2,Blinny,Handy,bhandyau@vkontakte.ru,1.219.198.60,11/14/2020
392,4,3,Rodrick,McVeagh,rmcveaghav@washingtonpost.com,230.218.6.148,5/2/2020
393,2,3,Elsinore,Timmis,etimmisaw@rediff.com,91.134.83.242,9/9/2020
394,3,5,Pall,Cosslett,pcosslettax@furl.net,233.42.122.22,4/27/2020
395,3,4,Rozina,Pluvier,rpluvieray@ca.gov,165.52.80.188,3/31/2021
396,6,4,Hollyanne,Corrado,hcorradoaz@infoseek.co.jp,111.10.50.48,5/18/2020
397,1,3,Ruby,Joll,rjollb0@nhs.uk,80.196.154.148,5/25/2020
398,4,2,Teri,Patzelt,tpatzeltb1@businessinsider.com,152.71.230.109,7/7/2020
399,1,4,Bianca,Jouning,bjouningb2@boston.com,115.206.55.139,6/10/2020
400,4,5,Lanae,Wyley,lwyleyb3@hc360.com,6.30.196.168,10/19/2020
401,5,3,Niccolo,Hendonson,nhendonsonb4@joomla.org,68.78.189.33,8/3/2020
402,5,5,Cassie,Brockbank,cbrockbankb5@tripod.com,67.142.80.253,6/16/2020
403,5,5,Jefferson,Kilgour,jkilgourb6@java.com,10.217.247.212,8/12/2020
404,1,2,Merilee,Narrie,mnarrieb7@blogspot.com,170.41.226.128,6/8/2020
405,4,2,Jere,Vasser,jvasserb8@fotki.com,5.207.134.126,1/9/2021
406,1,2,Judith,Goudy,jgoudyb9@topsy.com,247.223.133.231,8/18/2020
407,1,1,Danit,Float,dfloatba@independent.co.uk,227.233.38.66,7/6/2020
408,4,5,Raimund,Berrigan,rberriganbb@reverbnation.com,163.177.41.87,4/10/2021
409,3,4,Bobby,Garside,bgarsidebc@artisteer.com,99.209.33.216,6/22/2020
410,4,4,Jemimah,Deeble,jdeeblebd@senate.gov,24.203.175.161,7/29/2020
411,6,2,Germana,Richardsson,grichardssonbe@miitbeian.gov.cn,184.134.167.39,12/26/2020
412,4,3,Derick,Florey,dfloreybf@indiegogo.com,79.206.103.1,9/20/2020
413,2,2,Aretha,Attoc,aattocbg@so-net.ne.jp,176.126.94.84,2/12/2021
414,1,5,Stillman,Loghan,sloghanbh@seesaa.net,218.212.102.37,7/27/2020
415,6,2,Tome,Oen,toenbi@ocn.ne.jp,22.212.232.228,3/6/2021
416,1,4,Ketti,Hotchkin,khotchkinbj@un.org,144.89.195.243,1/27/2021
417,3,4,Sharron,Grisewood,sgrisewoodbk@comsenz.com,139.1.240.9,7/6/2020
418,5,3,Roseanna,Jentgens,rjentgensbl@tripadvisor.com,124.79.144.4,3/15/2021
419,3,1,Tommie,Barlas,tbarlasbm@timesonline.co.uk,156.221.57.72,3/13/2021
420,1,3,Alfie,Ivy,aivybn@qq.com,13.118.236.211,9/6/2020
421,1,5,Zulema,Lasham,zlashambo@addtoany.com,123.121.28.44,10/10/2020
422,6,1,Marci,Impett,mimpettbp@edublogs.org,70.37.235.110,11/27/2020
423,4,3,Roarke,Robus,rrobusbq@dailymotion.com,136.230.71.3,9/4/2020
424,2,4,Karlotta,Digg,kdiggbr@theguardian.com,189.62.180.115,3/19/2021
425,6,1,Buck,Humbatch,bhumbatchbs@gov.uk,2.160.93.142,5/19/2020
426,5,2,Christan,Brittoner,cbrittonerbt@bigcartel.com,171.58.49.190,10/30/2020
427,3,2,Agnese,Tomsen,atomsenbu@baidu.com,247.221.5.195,9/11/2020
428,4,5,Melisandra,Goddman,mgoddmanbv@cargocollective.com,224.182.62.62,2/6/2021
429,2,1,Shannah,Bretherton,sbrethertonbw@netvibes.com,183.15.88.112,9/2/2020
430,3,2,Boyd,Jorden,bjordenbx@oakley.com,27.181.2.78,11/16/2020
431,4,5,Melina,Dannohl,mdannohlby@icio.us,90.225.173.119,5/18/2020
432,2,2,Immanuel,Derell,iderellbz@about.me,241.61.237.45,6/13/2020
433,3,1,Jany,Stare,jstarec0@jugem.jp,67.93.215.224,6/27/2020
434,5,3,Car,Alloway,callowayc1@parallels.com,57.9.181.203,5/24/2020
435,3,1,Kevyn,Didsbury,kdidsburyc2@ebay.co.uk,236.110.137.54,6/15/2020
436,6,4,Ketty,Ennor,kennorc3@upenn.edu,133.187.242.201,8/16/2020
437,4,5,Haze,Lymbourne,hlymbournec4@reference.com,140.73.49.71,12/2/2020
438,4,3,Cherlyn,Beauman,cbeaumanc5@abc.net.au,121.181.182.239,1/12/2021
439,1,2,Angelica,O'Connolly,aoconnollyc6@weibo.com,189.232.229.28,7/19/2020
440,1,4,Caressa,Kiffe,ckiffec7@example.com,49.155.46.124,1/21/2021
441,6,3,Alvinia,Castiglio,acastiglioc8@wisc.edu,203.113.175.254,5/12/2020
442,4,2,Geno,Rocca,groccac9@scientificamerican.com,131.57.32.167,11/2/2020
443,3,3,Carena,Brolly,cbrollyca@ibm.com,14.200.139.60,9/15/2020
444,1,3,Sharyl,Bendin,sbendincb@moonfruit.com,1.114.247.209,3/24/2021
445,1,4,Karina,Kinghorn,kkinghorncc@senate.gov,163.185.205.97,5/4/2020
446,4,5,Morten,Janda,mjandacd@harvard.edu,148.203.221.19,9/23/2020
447,4,1,Maurits,Tuckwood,mtuckwoodce@reuters.com,213.222.209.167,11/10/2020
448,6,5,Neill,Colt,ncoltcf@sbwire.com,108.154.173.166,12/11/2020
449,5,4,Maury,Okey,mokeycg@creativecommons.org,85.206.96.205,1/18/2021
450,2,2,Gustav,Sutherby,gsutherbych@webmd.com,64.117.244.81,9/1/2020
451,3,3,Clary,Froude,cfroudeci@friendfeed.com,82.186.182.53,6/1/2020
452,6,5,Celestyn,Kenderdine,ckenderdinecj@latimes.com,210.64.201.7,6/12/2020
453,6,2,Bobbye,Giamuzzo,bgiamuzzock@boston.com,61.88.43.177,9/12/2020
454,2,5,Dallas,Jakeman,djakemancl@unicef.org,4.60.16.55,6/3/2020
455,2,3,La verne,Boatright,lboatrightcm@nytimes.com,85.117.25.171,10/5/2020
456,6,2,Zarah,Helleckas,zhelleckascn@wordpress.org,24.125.15.93,4/2/2021
457,2,5,Roxine,Royall,rroyallco@fastcompany.com,139.66.168.32,7/6/2020
458,6,3,Sharity,Scates,sscatescp@java.com,219.194.68.201,7/7/2020
459,4,3,Pippo,Seedman,pseedmancq@blogspot.com,203.1.122.124,5/27/2020
460,4,5,Elvina,Rosa,erosacr@tiny.cc,116.205.207.112,3/2/2021
461,2,3,Inesita,Odam,iodamcs@mit.edu,209.248.109.72,1/9/2021
462,4,5,Edwin,Craddy,ecraddyct@histats.com,247.115.4.58,8/25/2020
463,3,2,Malvin,Brothwood,mbrothwoodcu@sun.com,206.230.93.64,8/1/2020
464,2,4,Hilary,Gravatt,hgravattcv@kickstarter.com,133.26.190.207,2/22/2021
465,5,4,Penny,Dubois,pduboiscw@youtube.com,172.77.228.134,3/4/2021
466,3,5,Lonna,Broadist,lbroadistcx@dell.com,182.161.5.18,1/3/2021
467,5,1,Keely,Ropking,kropkingcy@odnoklassniki.ru,187.243.26.229,5/22/2020
468,2,5,Latisha,Salmoni,lsalmonicz@zdnet.com,147.213.0.176,5/27/2020
469,3,4,Lari,Baynes,lbaynesd0@shinystat.com,13.234.144.237,1/2/2021
470,6,4,Melva,MacGovern,mmacgovernd1@moonfruit.com,160.98.108.55,2/3/2021
471,5,1,Daniele,McFee,dmcfeed2@weibo.com,115.95.153.53,4/13/2021
472,6,5,Kara-lynn,Sonier,ksonierd3@dmoz.org,183.64.127.135,1/6/2021
473,1,5,Con,Kless,cklessd4@etsy.com,28.25.150.86,2/28/2021
474,5,1,Symon,Segrave,ssegraved5@wordpress.com,11.166.99.160,6/1/2020
475,3,1,Edan,Blint,eblintd6@t.co,192.8.115.121,6/19/2020
476,1,1,Sergent,Lassey,slasseyd7@4shared.com,239.151.215.115,1/3/2021
477,2,4,Farrell,Spenton,fspentond8@friendfeed.com,211.26.215.57,6/15/2020
478,6,2,Rosie,Suatt,rsuattd9@craigslist.org,103.112.173.173,12/19/2020
479,1,4,Jen,Sudworth,jsudworthda@blog.com,125.161.67.74,5/20/2020
480,1,2,Diandra,Quig,dquigdb@de.vu,134.152.214.152,12/11/2020
481,3,3,Walden,Giblin,wgiblindc@phoca.cz,50.212.188.240,3/17/2021
482,1,5,Lindy,Vicent,lvicentdd@123-reg.co.uk,163.187.71.131,11/1/2020
483,6,5,Mei,Johannes,mjohannesde@redcross.org,245.135.209.79,2/12/2021
484,5,3,Paulie,Guppey,pguppeydf@fda.gov,91.170.239.58,11/10/2020
485,1,3,Jaclyn,Peirson,jpeirsondg@dedecms.com,215.87.160.61,7/25/2020
486,1,5,Sandra,Gogin,sgogindh@google.de,170.79.45.119,5/30/2020
487,2,2,Minny,McLaggan,mmclaggandi@nytimes.com,102.65.97.225,10/27/2020
488,2,4,Bay,Vasilmanov,bvasilmanovdj@zimbio.com,162.41.139.237,8/16/2020
489,5,5,Dicky,Peeter,dpeeterdk@nba.com,189.20.117.114,12/17/2020
490,2,5,Irving,Camier,icamierdl@rediff.com,228.114.3.84,1/3/2021
491,3,4,Rock,Bartod,rbartoddm@shareasale.com,108.249.34.136,12/6/2020
492,6,5,Elberta,Hassan,ehassandn@cnn.com,131.46.183.210,2/16/2021
493,3,4,Mario,Krystof,mkrystofdo@about.com,221.146.36.43,12/15/2020
494,2,1,Catha,Tilmouth,ctilmouthdp@whitehouse.gov,126.102.151.214,5/28/2020
495,5,4,Carlye,Oldcote,coldcotedq@wordpress.org,166.162.247.173,3/3/2021
496,5,3,Ikey,MacNamee,imacnameedr@delicious.com,165.186.150.237,2/24/2021
497,5,1,Jacklin,Planke,jplankeds@stanford.edu,183.86.167.87,10/21/2020
498,1,2,Alanson,Gorden,agordendt@goodreads.com,133.113.187.56,7/24/2020
499,2,5,Damara,Hullock,dhullockdu@baidu.com,157.83.192.245,12/30/2020
500,2,4,Fancy,Doley,fdoleydv@google.es,216.236.50.183,10/3/2020
501,1,3,Othilie,Sherrock,osherrockdw@behance.net,214.35.239.53,4/21/2020
502,5,1,Rick,Burden,rburdendx@geocities.com,52.161.70.148,8/9/2020
503,3,5,Eustace,Cushion,ecushiondy@angelfire.com,86.141.183.88,9/14/2020
504,3,1,Maison,Flello,mflellodz@skype.com,214.205.179.23,10/5/2020
505,4,2,Thorsten,Codi,tcodie0@google.ca,105.239.210.210,11/13/2020
506,1,1,Manuel,McIlhagga,mmcilhaggae1@issuu.com,247.111.92.211,11/7/2020
507,6,2,Lorette,De Witt,ldewitte2@sphinn.com,25.21.130.146,11/18/2020
508,5,1,Valdemar,Gardiner,vgardinere3@umn.edu,112.185.201.83,6/16/2020
509,4,4,Cher,Hookes,chookese4@privacy.gov.au,39.239.91.13,11/18/2020
510,3,1,Quincey,Tatteshall,qtatteshalle5@zdnet.com,169.125.248.212,9/23/2020
511,2,1,Yancy,Jopson,yjopsone6@yandex.ru,133.51.117.158,3/17/2021
512,3,1,Hilario,Warby,hwarbye7@sina.com.cn,168.37.158.121,9/6/2020
513,1,5,Seth,de Verson,sdeversone8@instagram.com,211.69.127.147,9/11/2020
514,4,4,Marwin,Fowley,mfowleye9@typepad.com,187.230.118.153,7/31/2020
515,6,4,Cirstoforo,Grimsditch,cgrimsditchea@goo.gl,188.228.102.22,10/7/2020
516,6,4,Alex,Giraldon,agiraldoneb@infoseek.co.jp,153.113.37.14,3/5/2021
517,1,4,Maryjo,Goodbanne,mgoodbanneec@newyorker.com,1.60.74.177,6/13/2020
518,1,2,Bili,Schollick,bschollicked@fc2.com,72.108.101.98,3/31/2021
519,4,5,Everett,Marten,emartenee@booking.com,213.3.131.63,6/15/2020
520,5,1,Mateo,Latimer,mlatimeref@about.me,131.176.142.110,2/1/2021
521,4,1,Abby,Grinvalds,agrinvaldseg@usatoday.com,107.41.157.246,6/14/2020
522,1,3,Saundra,Fencott,sfencotteh@imdb.com,79.154.250.37,8/10/2020
523,4,3,Diarmid,Ballard,dballardei@vk.com,233.170.105.106,9/8/2020
524,6,2,Lucho,Emms,lemmsej@ucoz.com,42.122.183.131,12/28/2020
525,3,4,Briney,Tinsley,btinsleyek@weebly.com,204.43.96.166,7/6/2020
526,2,3,Caressa,Wenger,cwengerel@forbes.com,221.206.68.152,1/1/2021
527,3,1,Oriana,Martyns,omartynsem@discovery.com,122.168.141.224,11/12/2020
528,3,5,Burlie,Lemm,blemmen@360.cn,162.44.44.74,1/6/2021
529,2,2,Abram,Dofty,adoftyeo@w3.org,93.214.44.71,1/14/2021
530,1,3,Andria,Brogan,abroganep@google.de,30.21.188.177,12/15/2020
531,2,5,Susi,Smout,ssmouteq@123-reg.co.uk,60.19.0.237,1/21/2021
532,3,1,Eveline,Kill,ekiller@uiuc.edu,93.146.160.233,1/13/2021
533,6,4,Tuesday,Matthewman,tmatthewmanes@imageshack.us,104.202.230.78,7/18/2020
534,6,3,Rodi,Tams,rtamset@china.com.cn,137.111.143.132,2/22/2021
535,6,5,Ly,Rangle,lrangleeu@wikispaces.com,140.252.126.172,8/6/2020
536,4,1,Aurthur,Mapledorum,amapledorumev@aboutads.info,79.238.66.211,6/3/2020
537,5,4,Wilhelm,Dresser,wdresserew@yahoo.com,210.114.90.177,3/31/2021
538,4,1,Jemmie,Winspeare,jwinspeareex@nps.gov,48.75.53.6,6/16/2020
539,4,1,Shandeigh,Croad,scroadey@google.pl,238.180.151.58,9/10/2020
540,2,5,Oralee,Cragg,ocraggez@bluehost.com,124.136.27.130,9/22/2020
541,2,5,Tobit,Oakton,toaktonf0@xrea.com,238.51.31.86,5/12/2020
542,6,2,Ronna,Hemeret,rhemeretf1@ocn.ne.jp,127.58.201.21,6/14/2020
543,4,2,Sloane,Sowte,ssowtef2@nhs.uk,13.241.22.220,8/16/2020
544,2,3,Kimberli,Stoll,kstollf3@yahoo.com,117.92.177.54,5/24/2020
545,3,1,Harrietta,Crosthwaite,hcrosthwaitef4@ft.com,73.179.160.245,3/4/2021
546,3,3,Oralla,Slesser,oslesserf5@flavors.me,43.92.41.66,4/5/2021
547,5,4,Trixie,Aitchison,taitchisonf6@prlog.org,182.150.146.89,4/26/2020
548,4,1,Montague,Shakelade,mshakeladef7@biglobe.ne.jp,9.25.163.146,6/7/2020
549,1,2,Emilie,Ousbie,eousbief8@aboutads.info,217.116.26.128,9/3/2020
550,2,1,Nerita,Lough,nloughf9@uol.com.br,170.162.153.190,1/9/2021
551,5,3,Erin,Everett,eeverettfa@e-recht24.de,119.7.223.18,3/13/2021
552,5,5,Mikey,Zoellner,mzoellnerfb@bbb.org,211.0.143.99,6/5/2020
553,2,2,Otto,Sheron,osheronfc@infoseek.co.jp,219.33.98.9,1/29/2021
554,5,2,Corilla,Stihl,cstihlfd@tuttocitta.it,114.56.147.223,4/24/2020
555,3,4,Randi,Foulcher,rfoulcherfe@pagesperso-orange.fr,19.67.122.88,11/22/2020
556,6,3,Rudie,Wash,rwashff@indiegogo.com,124.233.72.100,4/18/2021
557,2,4,Josie,Leddie,jleddiefg@rambler.ru,175.171.37.37,4/11/2021
558,4,5,Perren,Netting,pnettingfh@zimbio.com,116.254.182.9,11/4/2020
559,6,5,Joanna,Axcel,jaxcelfi@ameblo.jp,103.85.68.61,12/20/2020
560,6,4,Sheffy,Paschke,spaschkefj@intel.com,149.85.92.60,5/26/2020
561,2,1,Korella,Jurgensen,kjurgensenfk@seattletimes.com,123.245.139.181,5/25/2020
562,2,3,Abel,Padula,apadulafl@behance.net,242.98.142.42,9/30/2020
563,1,4,Brody,Pankhurst.,bpankhurstfm@dedecms.com,252.122.224.2,9/13/2020
564,1,3,Jerad,Rostern,jrosternfn@tumblr.com,214.134.141.82,7/14/2020
565,4,2,Josselyn,Leman,jlemanfo@homestead.com,52.249.111.237,2/6/2021
566,6,4,Maible,Titmus,mtitmusfp@dropbox.com,150.240.50.193,2/27/2021
567,6,5,Finley,Sorrill,fsorrillfq@apple.com,229.3.243.51,8/18/2020
568,3,1,Adela,Coppock.,acoppockfr@bbc.co.uk,230.176.209.71,8/13/2020
569,4,1,Phil,Paget,ppagetfs@qq.com,231.249.123.73,4/12/2021
570,4,1,Dael,Galloway,dgallowayft@sohu.com,38.172.122.20,5/26/2020
571,1,3,Valentijn,Swiffen,vswiffenfu@toplist.cz,44.83.245.5,4/13/2021
572,3,3,Oswald,Treweke,otrewekefv@sciencedaily.com,241.216.38.212,10/27/2020
573,4,1,Moselle,Galland,mgallandfw@who.int,109.186.222.190,6/20/2020
574,1,1,Derrik,Chanders,dchandersfx@sakura.ne.jp,122.11.150.93,11/11/2020
575,4,5,Willetta,Tourville,wtourvillefy@time.com,242.27.209.217,5/31/2020
576,1,1,Shanda,Bowdler,sbowdlerfz@scribd.com,58.223.203.201,10/16/2020
577,6,5,Zelig,Klyner,zklynerg0@bbb.org,20.219.187.159,3/14/2021
578,6,3,Michele,Helliar,mhelliarg1@ted.com,17.231.146.236,12/25/2020
579,2,5,Waylin,Kimberly,wkimberlyg2@newyorker.com,63.48.161.210,12/13/2020
580,4,5,Amos,Androli,aandrolig3@zimbio.com,120.154.115.62,12/10/2020
581,6,5,Lorens,Kinton,lkintong4@wordpress.com,68.134.237.225,11/24/2020
582,1,1,Adi,Batchelor,abatchelorg5@noaa.gov,19.127.11.66,2/8/2021
583,2,1,Althea,Hardwick,ahardwickg6@posterous.com,251.74.139.96,9/12/2020
584,4,2,Marlena,Ondrusek,mondrusekg7@multiply.com,228.222.24.71,2/23/2021
585,4,4,Susanne,Tremonte,stremonteg8@ebay.co.uk,57.179.160.21,1/27/2021
586,5,3,Tyne,Hammel,thammelg9@nps.gov,241.110.192.69,4/16/2021
587,2,4,Martino,Hawking,mhawkingga@hatena.ne.jp,148.70.13.91,11/9/2020
588,4,4,Milzie,Gerardet,mgerardetgb@yandex.ru,222.164.244.210,11/1/2020
589,6,5,Regan,Caisley,rcaisleygc@dailymotion.com,102.239.219.8,6/3/2020
590,2,1,Devlin,Tolson,dtolsongd@joomla.org,136.222.34.80,7/4/2020
591,4,4,Dorrie,Sutton,dsuttonge@ihg.com,89.233.105.123,4/14/2021
592,3,1,Ax,Townsend,atownsendgf@nature.com,151.89.228.250,2/8/2021
593,1,5,Fulvia,Rumming,frumminggg@1und1.de,28.4.229.179,7/5/2020
594,4,2,Correy,Nattriss,cnattrissgh@admin.ch,237.250.22.241,11/29/2020
595,4,2,Miranda,Randerson,mrandersongi@bloomberg.com,93.196.41.248,4/17/2021
596,6,5,Tommie,Keatley,tkeatleygj@ihg.com,221.238.54.138,12/11/2020
597,4,2,Florance,Giacomello,fgiacomellogk@abc.net.au,182.70.140.183,11/28/2020
598,4,2,Tallie,Jowers,tjowersgl@scientificamerican.com,224.32.104.223,4/30/2020
599,1,1,Daren,Bertlin,dbertlingm@apache.org,151.229.13.253,8/26/2020
600,6,3,Staci,Gavaghan,sgavaghangn@bbb.org,212.196.195.129,8/3/2020
601,3,3,Meryl,Corradino,mcorradinogo@example.com,112.240.65.219,2/25/2021
602,6,2,Florinda,Whitworth,fwhitworthgp@ameblo.jp,186.200.104.231,3/28/2021
603,5,3,Darin,Pettersen,dpettersengq@geocities.jp,124.201.225.71,5/1/2020
604,1,4,Gretta,Hedling,ghedlinggr@wsj.com,115.180.234.13,8/15/2020
605,4,4,Westley,Geleman,wgelemangs@youtube.com,139.44.145.161,2/15/2021
606,3,3,Donielle,Bilbrooke,dbilbrookegt@nymag.com,244.55.8.91,2/22/2021
607,3,4,Carlita,Mattingly,cmattinglygu@adobe.com,105.21.222.147,3/25/2021
608,2,5,Hiram,Gyles,hgylesgv@wordpress.org,70.218.234.8,5/12/2020
609,1,5,Lyman,O'Dreain,lodreaingw@gravatar.com,28.54.145.249,10/4/2020
610,4,4,Jessica,Toman,jtomangx@cloudflare.com,211.71.47.215,12/16/2020
611,4,5,Valentino,Kellie,vkelliegy@state.tx.us,159.107.148.79,11/5/2020
612,6,5,Waite,Lindborg,wlindborggz@1und1.de,159.101.222.158,12/17/2020
613,6,3,Tanhya,Sinderson,tsindersonh0@jalbum.net,96.163.62.64,7/28/2020
614,6,2,Denny,Fontelles,dfontellesh1@unblog.fr,208.36.11.234,3/14/2021
615,6,3,Annabela,Kitchingham,akitchinghamh2@macromedia.com,214.191.96.58,5/31/2020
616,2,1,Miriam,Phippin,mphippinh3@techcrunch.com,69.164.159.88,8/2/2020
617,1,5,Ellissa,Radden,eraddenh4@examiner.com,148.187.194.227,8/14/2020
618,6,1,Irita,Grove,igroveh5@businessweek.com,12.124.145.123,11/5/2020
619,4,2,Sherline,McMeekin,smcmeekinh6@va.gov,189.107.192.213,5/10/2020
620,2,3,Montague,Marsland,mmarslandh7@macromedia.com,115.156.57.239,1/4/2021
621,6,3,Brigg,Gallihawk,bgallihawkh8@netlog.com,247.199.245.67,3/7/2021
622,1,5,Jacquetta,Collinette,jcollinetteh9@omniture.com,175.103.251.214,6/12/2020
623,2,1,Harald,Le Leu,hleleuha@unicef.org,3.53.233.142,2/21/2021
624,5,1,Nicol,Lethebridge,nlethebridgehb@miibeian.gov.cn,173.118.38.2,6/4/2020
625,4,3,Carina,Heatherington,cheatheringtonhc@virginia.edu,103.131.74.241,6/16/2020
626,2,3,Del,Lammert,dlammerthd@ovh.net,109.177.171.218,8/10/2020
627,4,2,Alida,Doxey,adoxeyhe@elegantthemes.com,244.180.155.33,3/3/2021
628,1,2,Irina,Collocott,icollocotthf@bravesites.com,35.131.77.104,5/26/2020
629,2,4,Mariejeanne,Gandar,mgandarhg@huffingtonpost.com,87.124.119.158,9/18/2020
630,2,1,Ty,Glencrosche,tglencroschehh@edublogs.org,41.129.7.102,8/11/2020
631,5,1,Maud,Flintiff,mflintiffhi@163.com,148.3.230.63,4/13/2021
632,2,2,Edwina,Spier,espierhj@icq.com,150.135.129.136,9/4/2020
633,3,2,Neale,Winslett,nwinsletthk@tripod.com,146.225.210.92,7/4/2020
634,6,3,Clarabelle,Levington,clevingtonhl@ucsd.edu,33.110.217.138,2/10/2021
635,4,2,Zahara,Huband,zhubandhm@examiner.com,173.10.191.142,8/25/2020
636,3,3,Glenda,Andrault,gandraulthn@icq.com,203.103.80.105,3/23/2021
637,1,3,Duff,Ziems,dziemsho@usatoday.com,243.28.252.147,10/9/2020
638,5,4,Arlana,Bulle,abullehp@photobucket.com,255.31.172.120,8/21/2020
639,1,1,Heywood,Pigott,hpigotthq@istockphoto.com,224.34.248.239,12/23/2020
640,4,1,Kale,Du Fray,kdufrayhr@nhs.uk,43.148.40.32,5/22/2020
641,1,5,Meredithe,Karlowicz,mkarlowiczhs@icq.com,39.119.93.126,2/21/2021
642,4,1,Skipper,Muino,smuinoht@europa.eu,194.245.33.245,11/12/2020
643,3,5,Corby,Holmyard,cholmyardhu@goodreads.com,70.35.59.156,2/22/2021
644,5,4,Normie,Keyme,nkeymehv@icq.com,252.69.229.234,8/26/2020
645,5,1,Garreth,Padbury,gpadburyhw@wunderground.com,65.204.220.204,5/11/2020
646,4,2,Darda,Cottier,dcottierhx@chronoengine.com,71.11.198.240,8/4/2020
647,6,3,Erhart,Soares,esoareshy@angelfire.com,125.58.173.255,6/17/2020
648,6,4,Teirtza,Jandel,tjandelhz@wikispaces.com,251.92.38.77,6/25/2020
649,2,4,Grantley,Adderson,gaddersoni0@fema.gov,181.118.183.8,4/3/2021
650,6,2,Giorgi,Stern,gsterni1@discuz.net,129.156.84.39,10/6/2020
651,6,5,Kurtis,Fortman,kfortmani2@1und1.de,230.122.155.236,1/1/2021
652,3,2,Armando,Petasch,apetaschi3@youtu.be,0.40.197.56,8/24/2020
653,6,3,Marcellina,Castellone,mcastellonei4@constantcontact.com,166.46.32.1,2/20/2021
654,3,1,Rufe,Bawle,rbawlei5@cbsnews.com,33.169.232.170,12/13/2020
655,5,3,Obediah,Weedall,oweedalli6@com.com,231.226.133.154,11/8/2020
656,5,3,Diane-marie,Brammer,dbrammeri7@google.it,25.66.18.148,12/30/2020
657,2,3,Judah,Trower,jtroweri8@tripadvisor.com,4.224.155.251,10/12/2020
658,3,4,Kellie,Allanby,kallanbyi9@stumbleupon.com,98.111.52.244,10/18/2020
659,5,1,Sonnie,Gludor,sgludoria@wordpress.org,217.58.162.124,10/24/2020
660,2,4,Cleavland,Goodall,cgoodallib@bbb.org,28.19.57.98,10/23/2020
661,2,1,Abdul,Ben,abenic@blog.com,254.110.70.240,4/2/2021
662,5,5,Hilda,Lovelock,hlovelockid@blog.com,124.177.63.172,7/21/2020
663,3,1,Vasili,St Louis,vstlouisie@buzzfeed.com,240.124.51.81,9/27/2020
664,6,5,Abbey,McCandie,amccandieif@sogou.com,47.144.251.149,10/29/2020
665,4,1,Giacopo,O'dell,godellig@friendfeed.com,161.124.253.63,12/27/2020
666,1,2,Reggie,Foucar,rfoucarih@opensource.org,113.59.43.99,10/15/2020
667,4,4,Jenny,Kenwin,jkenwinii@smh.com.au,208.59.36.8,11/7/2020
668,4,4,Jerrilyn,Kaygill,jkaygillij@pinterest.com,129.86.214.196,3/9/2021
669,3,1,Katleen,Mateja,kmatejaik@virginia.edu,163.76.166.222,11/1/2020
670,5,3,Stafani,Evitt,sevittil@gnu.org,198.146.195.194,3/24/2021
671,4,1,Cassey,Shemmans,cshemmansim@gnu.org,125.47.141.6,12/15/2020
672,3,1,Nelle,Busain,nbusainin@jiathis.com,155.203.59.102,5/5/2020
673,1,2,Eyde,Speerman,espeermanio@zimbio.com,218.75.140.145,4/25/2020
674,5,2,Frank,Theurer,ftheurerip@bravesites.com,231.8.248.132,3/22/2021
675,2,3,Gene,Morant,gmorantiq@imgur.com,32.2.178.16,10/1/2020
676,6,4,Cynthy,Matthai,cmatthaiir@blinklist.com,50.218.6.91,8/6/2020
677,4,1,Phoebe,Lougheid,plougheidis@phoca.cz,19.46.71.107,4/24/2020
678,6,5,Belvia,Venables,bvenablesit@mashable.com,214.23.173.125,8/6/2020
679,2,2,Lorens,Barrs,lbarrsiu@state.gov,148.109.90.220,12/30/2020
680,6,3,Henri,Fackney,hfackneyiv@timesonline.co.uk,60.109.180.33,4/8/2021
681,2,1,Hally,July,hjulyiw@google.co.jp,0.120.133.71,9/28/2020
682,3,5,Beauregard,Eallis,beallisix@weather.com,229.126.34.83,3/22/2021
683,4,4,Dolorita,Baudou,dbaudouiy@livejournal.com,9.106.203.227,6/3/2020
684,4,2,Yule,Lording,ylordingiz@apache.org,153.76.51.10,7/31/2020
685,6,1,Briny,Drummer,bdrummerj0@ow.ly,251.242.50.2,7/23/2020
686,4,4,Toinette,Rubrow,trubrowj1@gov.uk,215.147.136.81,5/21/2020
687,3,5,Ethelbert,Ridgwell,eridgwellj2@ebay.co.uk,229.53.12.220,2/14/2021
688,2,1,Bobbye,Hobbema,bhobbemaj3@gov.uk,150.180.65.180,1/28/2021
689,2,5,Joell,Banker,jbankerj4@aol.com,248.78.49.61,9/29/2020
690,5,4,Othelia,Schofield,oschofieldj5@scribd.com,14.53.78.230,12/30/2020
691,5,4,Robina,Dowtry,rdowtryj6@virginia.edu,77.142.149.20,1/1/2021
692,3,4,Aleda,Coxhead,acoxheadj7@google.es,211.244.249.141,7/15/2020
693,3,2,Adel,Luther,alutherj8@google.cn,67.194.153.118,1/30/2021
694,3,3,Remus,Reina,rreinaj9@accuweather.com,158.106.33.239,6/16/2020
695,1,3,Zedekiah,Corstorphine,zcorstorphineja@soup.io,249.178.114.163,9/25/2020
696,4,5,Rickie,Jeanon,rjeanonjb@boston.com,246.64.70.216,1/29/2021
697,3,1,Roberto,Goody,rgoodyjc@globo.com,38.3.90.135,2/22/2021
698,1,4,Dorette,Castellone,dcastellonejd@abc.net.au,99.84.195.177,2/24/2021
699,5,4,Filippa,Haggith,fhaggithje@wufoo.com,254.88.152.164,5/15/2020
700,1,3,Godart,Turnbull,gturnbulljf@multiply.com,57.80.172.224,12/17/2020
701,4,1,Berton,Patient,bpatientjg@webnode.com,40.185.160.154,8/16/2020
702,1,3,Eugenius,Pohlke,epohlkejh@washingtonpost.com,60.229.76.53,7/26/2020
703,1,2,Norrie,Fleetwood,nfleetwoodji@oracle.com,111.101.220.10,2/5/2021
704,2,2,Ruthie,Spinozzi,rspinozzijj@networksolutions.com,118.241.168.219,6/16/2020
705,6,3,Goldina,Zimek,gzimekjk@blog.com,70.141.148.4,6/5/2020
706,2,4,Aron,Haugen,ahaugenjl@mashable.com,243.0.109.3,7/12/2020
707,2,4,Maddy,Fellow,mfellowjm@about.me,205.221.189.228,7/12/2020
708,1,1,Lynna,Gerbi,lgerbijn@amazon.co.jp,173.139.234.6,8/9/2020
709,1,1,Cordell,Fenty,cfentyjo@state.gov,205.87.101.89,5/19/2020
710,3,1,Elbertine,Edgin,eedginjp@ocn.ne.jp,217.83.1.88,8/12/2020
711,6,4,Zorana,Rarity,zrarityjq@qq.com,133.183.231.80,4/10/2021
712,2,4,Fairleigh,Coppo,fcoppojr@house.gov,36.148.178.133,2/27/2021
713,4,5,Colly,McAviy,cmcaviyjs@altervista.org,11.60.86.110,7/23/2020
714,5,4,Roi,Castelain,rcastelainjt@unblog.fr,94.67.13.120,1/30/2021
715,6,4,Marnie,Goroni,mgoroniju@berkeley.edu,130.141.215.65,1/11/2021
716,2,4,Mort,Gun,mgunjv@reuters.com,66.176.58.215,9/5/2020
717,3,5,Dory,Choke,dchokejw@typepad.com,108.29.227.140,1/6/2021
718,3,5,Muffin,Askham,maskhamjx@wunderground.com,255.97.209.132,1/31/2021
719,4,1,Ewan,Sumner,esumnerjy@oaic.gov.au,252.232.246.75,12/23/2020
720,2,2,Cortney,Sawney,csawneyjz@simplemachines.org,154.205.184.140,4/9/2021
721,3,3,Colly,Philson,cphilsonk0@home.pl,19.202.229.6,8/12/2020
722,2,3,Correy,St. Quintin,cstquintink1@aol.com,236.86.178.49,9/6/2020
723,6,1,Rock,Varvell,rvarvellk2@theatlantic.com,73.115.116.120,8/8/2020
724,3,1,Edith,Weavers,eweaversk3@clickbank.net,208.220.216.250,5/28/2020
725,6,4,Sheeree,Dykins,sdykinsk4@reuters.com,190.32.156.39,4/1/2021
726,5,4,Yorgos,Swanwick,yswanwickk5@purevolume.com,52.32.229.231,6/19/2020
727,1,1,Barb,Kern,bkernk6@yahoo.co.jp,48.132.100.80,5/3/2020
728,4,2,Nola,Hillaby,nhillabyk7@behance.net,233.211.192.97,7/20/2020
729,3,4,Glennis,Berndtsson,gberndtssonk8@earthlink.net,25.155.61.225,5/25/2020
730,3,4,Grange,Mussett,gmussettk9@amazonaws.com,100.237.245.13,12/2/2020
731,5,1,Lolita,Bolgar,lbolgarka@businesswire.com,92.122.228.255,11/15/2020
732,2,1,Fair,Joska,fjoskakb@google.com.br,188.113.21.10,4/8/2021
733,5,5,Bevon,Strooband,bstroobandkc@economist.com,193.83.116.96,6/29/2020
734,3,2,Merrill,Risson,mrissonkd@flavors.me,214.42.34.112,8/28/2020
735,3,3,Demetre,Soro,dsoroke@businessinsider.com,186.218.128.119,8/13/2020
736,3,3,Noell,Byforth,nbyforthkf@gmpg.org,119.28.32.125,7/10/2020
737,5,5,Gian,Scorton,gscortonkg@ibm.com,228.78.36.0,1/2/2021
738,4,4,Britni,Profit,bprofitkh@vkontakte.ru,224.106.35.122,11/14/2020
739,5,4,Livia,Brudenell,lbrudenellki@usatoday.com,22.50.76.152,8/25/2020
740,4,4,Coreen,Willatt,cwillattkj@nbcnews.com,252.164.90.204,1/25/2021
741,3,4,Sarina,Pointing,spointingkk@salon.com,148.156.212.136,6/1/2020
742,3,1,Kendal,Lackney,klackneykl@github.io,131.112.201.234,12/6/2020
743,1,2,Rozelle,Ostridge,rostridgekm@woothemes.com,107.227.245.29,5/28/2020
744,1,5,Mickie,Swinburn,mswinburnkn@ifeng.com,136.173.143.115,11/27/2020
745,2,4,Nady,Checchetelli,nchecchetelliko@microsoft.com,220.111.249.71,1/18/2021
746,6,4,Townie,Chalfont,tchalfontkp@auda.org.au,132.41.174.245,10/19/2020
747,1,4,Reagen,Le Page,rlepagekq@redcross.org,145.226.197.49,12/17/2020
748,3,4,Laurianne,Paulon,lpaulonkr@dyndns.org,149.152.150.67,6/23/2020
749,5,1,Belita,Hinners,bhinnersks@msu.edu,246.206.34.198,1/1/2021
750,3,3,Alecia,Aiken,aaikenkt@tamu.edu,185.215.166.28,5/18/2020
751,4,3,Giorgia,De Blasio,gdeblasioku@fastcompany.com,121.10.247.187,3/7/2021
752,1,4,Trixi,Entissle,tentisslekv@sciencedaily.com,106.248.144.6,3/5/2021
753,3,3,Robbie,Saphir,rsaphirkw@4shared.com,153.27.157.27,9/3/2020
754,2,4,Madge,Rolfini,mrolfinikx@clickbank.net,48.139.229.59,6/27/2020
755,4,5,Valli,Stiles,vstilesky@seattletimes.com,213.158.136.145,3/5/2021
756,1,5,Francis,Bulcroft,fbulcroftkz@ucla.edu,234.223.235.5,3/3/2021
757,4,4,Marci,Toohey,mtooheyl0@twitter.com,88.164.142.16,11/6/2020
758,3,5,Barn,Waiton,bwaitonl1@bandcamp.com,163.27.185.70,2/28/2021
759,4,1,Hughie,Haggath,hhaggathl2@amazon.co.jp,8.184.248.156,9/17/2020
760,4,1,Annabelle,Dymoke,adymokel3@purevolume.com,62.111.228.182,2/5/2021
761,2,1,Elmo,Simnett,esimnettl4@ehow.com,247.7.159.73,6/30/2020
762,4,1,Roderic,Greedy,rgreedyl5@huffingtonpost.com,114.196.204.57,6/13/2020
763,6,2,Ianthe,Bergeon,ibergeonl6@ocn.ne.jp,48.15.197.227,12/13/2020
764,6,5,My,Rentelll,mrentellll7@mtv.com,219.185.154.84,11/16/2020
765,5,1,Danila,Easey,deaseyl8@adobe.com,6.246.216.46,12/26/2020
766,5,3,Georgie,Metheringham,gmetheringhaml9@alexa.com,148.117.209.124,8/30/2020
767,2,2,Horatio,Cunnah,hcunnahla@zimbio.com,128.82.37.41,6/29/2020
768,6,2,Layton,Filde,lfildelb@ed.gov,215.65.212.111,8/4/2020
769,2,2,Izabel,Patron,ipatronlc@jalbum.net,136.151.194.190,10/27/2020
770,4,3,Franni,Britney,fbritneyld@ycombinator.com,165.153.204.2,3/26/2021
771,4,3,Zsazsa,Antill,zantillle@engadget.com,134.95.91.202,5/5/2020
772,4,1,Dewey,Dorrins,ddorrinslf@pbs.org,78.214.13.127,10/1/2020
773,2,4,Sheila,Van't Hoff,svanthofflg@plala.or.jp,188.249.79.221,12/20/2020
774,2,2,Joela,Ollander,jollanderlh@time.com,85.30.145.68,2/4/2021
775,6,5,Loutitia,Stancliffe,lstancliffeli@twitter.com,70.199.41.122,10/7/2020
776,2,1,Eadie,Punshon,epunshonlj@sun.com,20.238.135.138,9/9/2020
777,6,1,Wynnie,Gogerty,wgogertylk@goo.gl,170.54.182.204,1/18/2021
778,2,5,Mario,Thorburn,mthorburnll@usda.gov,253.22.38.222,6/1/2020
779,2,5,Isacco,Pesterfield,ipesterfieldlm@whitehouse.gov,233.31.59.197,11/20/2020
780,3,1,Cosette,Corben,ccorbenln@purevolume.com,90.66.148.179,3/3/2021
781,2,1,Kathryn,Tweedell,ktweedelllo@jiathis.com,164.243.85.110,5/27/2020
782,5,3,Arden,Kupke,akupkelp@reddit.com,46.127.159.199,9/27/2020
783,1,1,Hadley,Forber,hforberlq@google.ca,112.9.109.11,8/31/2020
784,6,2,Rourke,Dorbin,rdorbinlr@indiegogo.com,223.176.146.38,11/21/2020
785,2,3,Fabien,Grishakov,fgrishakovls@fda.gov,43.5.203.183,6/4/2020
786,6,4,Oralla,Drinkhall,odrinkhalllt@angelfire.com,172.216.106.175,3/28/2021
787,6,4,Lara,Paolacci,lpaolaccilu@hud.gov,91.133.107.250,4/20/2020
788,6,5,Shane,Knill,sknilllv@tiny.cc,166.34.69.183,6/25/2020
789,6,1,Tam,Safell,tsafelllw@reference.com,8.227.92.86,7/15/2020
790,4,4,Douglas,Janik,djaniklx@exblog.jp,40.1.114.112,2/24/2021
791,6,5,Bert,Plaid,bplaidly@utexas.edu,164.16.72.12,10/20/2020
792,1,1,Orelia,Wingham,owinghamlz@earthlink.net,87.194.57.138,1/13/2021
793,2,5,Harp,Sproston,hsprostonm0@usgs.gov,95.136.240.175,5/8/2020
794,1,2,Cinnamon,Wilcot,cwilcotm1@altervista.org,55.75.64.211,5/2/2020
795,2,3,Clarie,Madden,cmaddenm2@wsj.com,133.35.55.251,4/4/2021
796,6,3,Rustin,De Bruijn,rdebruijnm3@timesonline.co.uk,222.223.105.248,4/12/2021
797,1,3,Antonella,Cudbird,acudbirdm4@123-reg.co.uk,25.196.236.121,5/4/2020
798,1,4,Nolana,Laskey,nlaskeym5@zdnet.com,6.59.206.37,10/20/2020
799,1,2,Tannie,Menure,tmenurem6@state.gov,90.159.66.61,7/8/2020
800,6,2,Ranice,Griswaite,rgriswaitem7@phpbb.com,207.75.142.95,8/28/2020
801,5,5,Megan,Gwin,mgwinm8@mozilla.org,178.229.96.79,5/14/2020
802,1,2,Dacey,Scapens,dscapensm9@cisco.com,33.188.97.156,1/15/2021
803,3,3,Uriel,Leasor,uleasorma@prweb.com,174.114.154.67,7/10/2020
804,2,5,Windham,Issett,wissettmb@sogou.com,209.9.37.226,3/24/2021
805,2,5,Yalonda,Depke,ydepkemc@spotify.com,79.70.133.71,10/1/2020
806,1,1,Jerome,Fallanche,jfallanchemd@amazon.co.jp,146.194.254.108,1/17/2021
807,4,4,Rosene,Cockney,rcockneyme@nytimes.com,76.8.133.98,4/11/2021
808,2,3,Winnifred,De Courtney,wdecourtneymf@theglobeandmail.com,107.163.179.191,7/26/2020
809,4,3,Flynn,Staves,fstavesmg@sphinn.com,177.70.159.221,12/9/2020
810,4,2,Gardy,Giovannelli,ggiovannellimh@cbslocal.com,52.43.47.245,8/6/2020
811,5,5,Yancy,Tennock,ytennockmi@google.de,254.183.253.3,7/3/2020
812,3,2,Nina,Sigars,nsigarsmj@is.gd,254.7.175.178,8/13/2020
813,3,2,Karissa,Shankle,kshanklemk@ucsd.edu,237.110.119.15,6/18/2020
814,6,2,Nonah,Baldassi,nbaldassiml@usda.gov,26.200.54.173,11/2/2020
815,6,2,Regine,Edkins,redkinsmm@buzzfeed.com,58.82.241.53,6/28/2020
816,6,3,Jannelle,Flode,jflodemn@wordpress.com,189.209.186.87,6/20/2020
817,3,1,Adriano,Cuerda,acuerdamo@4shared.com,95.178.110.182,3/18/2021
818,6,2,Eduino,D'eye,edeyemp@jigsy.com,137.225.142.168,8/12/2020
819,6,1,Kris,O'Canavan,kocanavanmq@moonfruit.com,24.68.125.200,9/13/2020
820,4,2,Leandra,Dallyn,ldallynmr@amazon.de,131.150.144.21,5/3/2020
821,2,3,Linzy,Shyram,lshyramms@opensource.org,227.198.203.127,4/1/2021
822,6,3,Ingrim,Lammie,ilammiemt@economist.com,188.208.43.80,4/5/2021
823,3,2,Darnell,Casari,dcasarimu@mozilla.org,131.47.159.241,2/19/2021
824,1,1,Skye,Lattimore,slattimoremv@usgs.gov,134.40.78.4,5/8/2020
825,3,5,Teddy,Coath,tcoathmw@angelfire.com,115.191.77.106,1/20/2021
826,6,3,Donaugh,Bruff,dbruffmx@goo.gl,187.10.204.112,10/13/2020
827,4,3,Elston,Govenlock,egovenlockmy@hexun.com,157.233.223.136,1/11/2021
828,6,1,Andras,Rolfs,arolfsmz@google.it,2.7.134.151,12/24/2020
829,5,4,Deana,Cuxon,dcuxonn0@oaic.gov.au,203.239.15.196,8/14/2020
830,1,4,Fey,McCallum,fmccallumn1@bluehost.com,240.245.183.170,5/29/2020
831,4,4,Nessi,Briffett,nbriffettn2@cyberchimps.com,219.2.167.238,2/2/2021
832,4,1,Gregory,Prothero,gprotheron3@ask.com,253.80.104.35,7/26/2020
833,3,3,Britney,Gerry,bgerryn4@ted.com,134.150.161.208,8/25/2020
834,2,4,Oralia,Etuck,oetuckn5@youtube.com,57.44.192.4,1/6/2021
835,1,3,Adena,Wigfall,awigfalln6@princeton.edu,214.79.193.127,10/16/2020
836,6,2,Duffy,Treleaven,dtreleavenn7@nyu.edu,60.81.201.170,12/7/2020
837,3,2,Illa,Easey,ieaseyn8@about.me,128.3.25.59,11/22/2020
838,3,3,Danit,St. Pierre,dstpierren9@odnoklassniki.ru,244.122.183.13,11/26/2020
839,6,2,Lyndsay,Grasner,lgrasnerna@bigcartel.com,247.221.158.143,10/2/2020
840,3,5,Jerrilee,Alberts,jalbertsnb@comsenz.com,55.107.110.246,5/20/2020
841,2,1,Shepard,Callister,scallisternc@parallels.com,243.184.210.235,2/21/2021
842,3,3,Emlyn,Gorelli,egorellind@linkedin.com,189.109.39.219,1/24/2021
843,6,4,Lauraine,Beaby,lbeabyne@census.gov,217.204.146.250,4/2/2021
844,6,3,Merilee,Tomlin,mtomlinnf@yandex.ru,233.207.10.212,4/10/2021
845,5,5,Prince,Albery,palberyng@comcast.net,242.203.105.73,10/9/2020
846,2,3,Nata,Knell,nknellnh@bluehost.com,70.162.30.153,4/12/2021
847,2,5,Abbott,Gentric,agentricni@baidu.com,1.84.74.97,8/15/2020
848,5,1,Iona,Rawe,irawenj@sina.com.cn,149.54.254.46,10/10/2020
849,3,5,Elinore,Henrion,ehenrionnk@seattletimes.com,134.220.220.199,11/5/2020
850,3,3,Dennet,Rubinowitch,drubinowitchnl@nasa.gov,158.139.200.6,1/23/2021
851,2,4,Dotty,Nabbs,dnabbsnm@google.com.au,114.235.108.92,2/1/2021
852,5,5,Amelia,Stannas,astannasnn@deviantart.com,109.6.136.131,7/8/2020
853,3,4,Glynda,Simecek,gsimecekno@scribd.com,108.225.79.142,3/14/2021
854,2,5,Marcela,Cardall,mcardallnp@cdc.gov,130.25.42.213,2/11/2021
855,1,4,Brock,Webling,bweblingnq@yellowbook.com,93.218.193.89,2/4/2021
856,4,4,Hope,Ivakhin,hivakhinnr@tuttocitta.it,119.131.37.184,3/16/2021
857,6,1,Megan,Scurrah,mscurrahns@blinklist.com,161.209.160.233,12/29/2020
858,4,2,Calv,Feaster,cfeasternt@cmu.edu,72.68.92.4,7/11/2020
859,1,5,Dianne,Kolyagin,dkolyaginnu@chron.com,103.22.73.29,9/26/2020
860,1,1,Robinett,Hedaux,rhedauxnv@nature.com,131.21.238.250,2/17/2021
861,1,1,Babette,Dolby,bdolbynw@msu.edu,39.244.151.187,7/22/2020
862,3,5,Casey,Camock,ccamocknx@51.la,56.26.208.46,6/27/2020
863,5,4,Nedi,Clyne,nclyneny@reddit.com,91.74.198.84,8/28/2020
864,2,1,Elvin,Rafferty,eraffertynz@google.co.uk,236.250.121.55,5/3/2020
865,2,1,Weidar,Hawtry,whawtryo0@spotify.com,153.148.81.179,6/5/2020
866,1,3,Osgood,Cisec,ociseco1@barnesandnoble.com,57.19.67.105,11/8/2020
867,4,5,Farrell,Herreran,fherrerano2@deliciousdays.com,213.193.224.214,2/12/2021
868,5,2,Janifer,Desbrow,jdesbrowo3@list-manage.com,6.9.93.29,10/13/2020
869,1,4,Tades,Sneller,tsnellero4@woothemes.com,236.236.106.33,3/5/2021
870,6,1,Myrtice,Snedker,msnedkero5@netvibes.com,142.245.79.80,2/9/2021
871,3,1,Lyman,Towns,ltownso6@redcross.org,42.236.165.117,5/9/2020
872,2,2,Zarla,Humble,zhumbleo7@google.com,189.175.101.69,3/11/2021
873,6,3,Geoffrey,Huban,ghubano8@census.gov,83.126.219.119,6/28/2020
874,3,4,Carma,Rasell,crasello9@vinaora.com,182.174.171.255,2/12/2021
875,5,3,Faunie,Nassie,fnassieoa@usda.gov,74.204.215.212,12/24/2020
876,5,2,Demetria,Fiddyment,dfiddymentob@skype.com,193.83.202.21,4/24/2020
877,3,4,Shanon,Haydon,shaydonoc@dropbox.com,198.108.87.71,2/1/2021
878,3,1,Jarid,Calley,jcalleyod@seesaa.net,232.181.184.65,8/4/2020
879,6,3,Willem,O'Meara,womearaoe@example.com,203.241.198.45,4/25/2020
880,1,5,Orelia,Scotchbrook,oscotchbrookof@drupal.org,190.229.9.210,12/31/2020
881,2,1,Barbee,Willment,bwillmentog@dmoz.org,170.151.248.106,3/12/2021
882,3,1,Jonah,Bennen,jbennenoh@ow.ly,174.236.72.138,10/27/2020
883,4,1,Helenka,Arens,harensoi@parallels.com,160.187.166.68,11/21/2020
884,2,3,Wilek,Jarmain,wjarmainoj@ebay.co.uk,155.40.173.248,11/30/2020
885,2,4,Oliver,Bartomieu,obartomieuok@buzzfeed.com,142.205.61.97,7/7/2020
886,5,2,Kelsey,Chidler,kchidlerol@purevolume.com,219.160.146.25,10/4/2020
887,6,2,Emmott,Scoullar,escoullarom@tinyurl.com,57.198.134.179,11/3/2020
888,6,2,Allianora,Panther,apantheron@nature.com,92.239.166.60,2/23/2021
889,6,2,Bernardina,Skoof,bskoofoo@uol.com.br,175.115.83.237,1/25/2021
890,3,2,Sheela,Skellorne,sskellorneop@livejournal.com,23.128.97.91,2/2/2021
891,6,5,Stephanie,Wase,swaseoq@etsy.com,47.245.0.132,3/25/2021
892,4,1,Kellby,Goodisson,kgoodissonor@privacy.gov.au,18.77.88.159,12/14/2020
893,2,2,Harriott,Brownscombe,hbrownscombeos@sitemeter.com,153.120.60.141,4/29/2020
894,4,2,Giralda,Giacobini,ggiacobiniot@infoseek.co.jp,242.65.42.4,12/14/2020
895,3,4,Waldo,Couthard,wcouthardou@sbwire.com,224.209.148.99,7/27/2020
896,4,4,Phyllys,Phythean,pphytheanov@google.de,157.118.88.75,10/6/2020
897,4,1,Dugald,Bumpass,dbumpassow@mysql.com,220.122.241.185,6/14/2020
898,3,4,Rossy,Sangwine,rsangwineox@scientificamerican.com,7.194.211.111,12/31/2020
899,1,5,Lorin,Gordge,lgordgeoy@parallels.com,68.152.132.138,1/13/2021
900,1,1,Dianne,Stripp,dstrippoz@flavors.me,55.204.23.3,4/26/2020
901,5,1,Nichole,Mustchin,nmustchinp0@arizona.edu,69.63.78.237,4/26/2020
902,2,4,Alanson,Braniff,abraniffp1@ucla.edu,72.171.42.105,9/10/2020
903,3,1,Dyanne,Barnsdall,dbarnsdallp2@telegraph.co.uk,130.218.225.134,8/8/2020
904,1,3,Killie,Sinclaire,ksinclairep3@cdbaby.com,15.38.69.169,2/6/2021
905,5,4,Glenn,Maypole,gmaypolep4@amazonaws.com,6.5.2.137,2/24/2021
906,1,5,Tiebold,Dobble,tdobblep5@parallels.com,56.60.100.222,5/6/2020
907,4,3,Peterus,Clemensen,pclemensenp6@slashdot.org,194.202.177.198,3/13/2021
908,5,1,Bertine,Fackney,bfackneyp7@tmall.com,163.166.179.115,4/17/2021
909,2,5,Susette,Pickerill,spickerillp8@deliciousdays.com,2.110.83.165,9/12/2020
910,2,5,Fae,Erbain,ferbainp9@feedburner.com,108.99.20.75,10/29/2020
911,3,3,Cassandra,Drohane,cdrohanepa@wired.com,224.141.136.2,12/27/2020
912,3,3,Annabell,Petrichat,apetrichatpb@amazon.com,131.82.42.133,10/6/2020
913,6,4,Tomasina,Gianninotti,tgianninottipc@theglobeandmail.com,189.216.114.210,12/11/2020
914,2,2,Lind,Pettican,lpetticanpd@pbs.org,249.177.240.236,5/22/2020
915,3,5,Bill,McCrossan,bmccrossanpe@gnu.org,145.113.54.186,12/30/2020
916,3,1,Doralyn,Horsey,dhorseypf@berkeley.edu,215.64.145.181,6/9/2020
917,6,2,Sianna,Patrick,spatrickpg@trellian.com,245.123.181.227,9/28/2020
918,6,2,Standford,St. Paul,sstpaulph@miibeian.gov.cn,51.124.150.44,10/11/2020
919,6,2,Clare,Wasmuth,cwasmuthpi@constantcontact.com,193.10.167.19,5/10/2020
920,4,2,Carie,Gillion,cgillionpj@bbb.org,112.167.235.177,8/20/2020
921,3,4,Baxter,Stace,bstacepk@wp.com,143.226.237.77,11/26/2020
922,6,4,Raynor,Vales,rvalespl@nifty.com,237.91.59.50,2/26/2021
923,1,4,Wilhelmine,Rosenzveig,wrosenzveigpm@deviantart.com,99.223.41.215,4/20/2020
924,5,5,Carry,MacCathay,cmaccathaypn@about.com,197.72.249.155,7/22/2020
925,3,1,Delia,Laxton,dlaxtonpo@stumbleupon.com,62.249.45.93,9/4/2020
926,3,5,Uriah,Fonzo,ufonzopp@google.ru,87.111.126.76,9/1/2020
927,4,2,Annette,Schubbert,aschubbertpq@dot.gov,75.97.186.101,4/4/2021
928,2,5,Gussie,Duinbleton,gduinbletonpr@github.io,163.207.124.245,11/23/2020
929,3,2,Druci,Conquest,dconquestps@epa.gov,161.30.255.61,6/19/2020
930,5,2,Blinny,Ayliff,bayliffpt@4shared.com,225.252.70.85,2/19/2021
931,3,3,Nelle,Bridgewood,nbridgewoodpu@a8.net,84.199.146.30,12/27/2020
932,2,4,Daune,Danat,ddanatpv@bluehost.com,27.233.58.52,10/24/2020
933,1,3,Freemon,Khrishtafovich,fkhrishtafovichpw@imgur.com,75.208.114.178,6/12/2020
934,2,4,Tedi,Brodeur,tbrodeurpx@admin.ch,213.154.141.198,7/24/2020
935,1,3,Leonie,Kulic,lkulicpy@archive.org,159.91.36.174,5/31/2020
936,6,1,Patricio,Latham,plathampz@squidoo.com,188.35.232.245,8/2/2020
937,4,5,Franchot,Crosswaite,fcrosswaiteq0@google.cn,106.152.72.144,12/16/2020
938,5,1,Ashia,Kildahl,akildahlq1@pcworld.com,123.208.191.9,7/10/2020
939,1,5,Bryant,Eykel,beykelq2@wikia.com,14.45.104.10,9/3/2020
940,1,2,Thibaut,Hitschke,thitschkeq3@reference.com,196.176.204.101,1/17/2021
941,2,3,Manolo,Durning,mdurningq4@stanford.edu,81.64.87.115,11/18/2020
942,4,5,Jasmina,Firk,jfirkq5@globo.com,14.74.162.216,10/17/2020
943,1,3,Roxine,Ostridge,rostridgeq6@blogs.com,31.53.236.160,1/22/2021
944,2,5,Barbara,Menhenitt,bmenhenittq7@illinois.edu,204.212.104.179,3/29/2021
945,2,4,Virginie,Deavin,vdeavinq8@spiegel.de,83.228.6.6,11/7/2020
946,3,1,Miquela,Durante,mduranteq9@etsy.com,177.16.200.74,5/10/2020
947,5,4,Christoforo,Crassweller,ccrasswellerqa@dailymail.co.uk,116.72.214.46,3/17/2021
948,2,5,Bobbie,Keerl,bkeerlqb@indiegogo.com,216.60.10.102,2/2/2021
949,3,3,Lonni,Spittall,lspittallqc@wikia.com,110.58.154.40,4/8/2021
950,1,4,Sharona,Klemencic,sklemencicqd@technorati.com,139.40.66.185,1/23/2021
951,4,1,Marie,Creddon,mcreddonqe@elpais.com,244.212.230.197,6/22/2020
952,5,5,Conant,Murrigan,cmurriganqf@mashable.com,5.85.186.244,12/28/2020
953,2,5,Helge,Natwick,hnatwickqg@cocolog-nifty.com,73.148.104.4,6/29/2020
954,5,3,Lois,Parysowna,lparysownaqh@cnet.com,195.37.110.247,1/17/2021
955,4,1,Burl,Dwelly,bdwellyqi@booking.com,179.164.212.194,12/29/2020
956,1,2,Annmaria,Jorn,ajornqj@businessweek.com,62.130.139.132,5/2/2020
957,3,5,Brade,Hellis,bhellisqk@statcounter.com,172.33.186.127,10/14/2020
958,5,4,Courtenay,Geeve,cgeeveql@sphinn.com,106.41.110.136,3/5/2021
959,6,3,Bette,Gittings,bgittingsqm@skyrock.com,45.148.213.146,9/16/2020
960,1,3,Burch,Gatesman,bgatesmanqn@histats.com,73.94.133.91,12/22/2020
961,1,5,Tanney,Brislan,tbrislanqo@imdb.com,166.141.58.97,4/27/2020
962,5,3,Corry,Bishopp,cbishoppqp@smugmug.com,57.176.228.138,5/3/2020
963,5,4,Nester,Parmley,nparmleyqq@photobucket.com,239.140.175.157,12/29/2020
964,3,5,Allie,Hourihan,ahourihanqr@constantcontact.com,67.251.34.51,12/10/2020
965,1,5,Bendicty,Simonich,bsimonichqs@typepad.com,25.174.81.165,8/16/2020
966,6,3,Maryanne,Tuer,mtuerqt@harvard.edu,14.142.134.87,5/21/2020
967,4,4,Brenna,O'Keeffe,bokeeffequ@umich.edu,110.65.174.150,9/14/2020
968,6,5,Nikos,Aldin,naldinqv@addtoany.com,179.19.20.214,4/25/2020
969,5,4,Cross,Jeskins,cjeskinsqw@nbcnews.com,24.18.30.87,12/30/2020
970,3,4,Demeter,Van Ross,dvanrossqx@cbc.ca,162.198.140.240,11/25/2020
971,6,5,Demetre,Sinderland,dsinderlandqy@dagondesign.com,227.196.138.48,11/8/2020
972,6,4,Hoyt,Robker,hrobkerqz@nifty.com,200.128.135.2,10/5/2020
973,3,1,Guglielmo,Spilsbury,gspilsburyr0@mozilla.org,217.117.55.99,3/13/2021
974,4,1,Bil,Hurst,bhurstr1@jimdo.com,185.69.158.122,10/14/2020
975,2,3,Paddie,Emby,pembyr2@360.cn,40.107.170.55,8/9/2020
976,5,5,Finn,Baumler,fbaumlerr3@skype.com,114.32.22.115,4/1/2021
977,5,2,Magdalena,Thomazet,mthomazetr4@hibu.com,182.90.210.6,9/14/2020
978,5,4,Alexandrina,Patifield,apatifieldr5@webeden.co.uk,2.185.83.63,4/26/2020
979,6,1,Bald,Seaton,bseatonr6@wordpress.com,60.135.40.112,6/24/2020
980,4,3,Joan,Cowdry,jcowdryr7@artisteer.com,249.157.153.69,5/14/2020
981,2,3,Roshelle,Vearnals,rvearnalsr8@state.tx.us,16.223.82.37,3/29/2021
982,1,3,Aile,Godman,agodmanr9@archive.org,173.152.206.34,7/27/2020
983,6,2,Addison,Ruben,arubenra@wired.com,146.75.223.47,9/16/2020
984,2,1,Giorgio,MacAlees,gmacaleesrb@plala.or.jp,113.176.114.31,8/5/2020
985,6,1,Benjamen,Mole,bmolerc@dedecms.com,69.10.25.49,12/21/2020
986,3,3,Tucker,Loins,tloinsrd@businesswire.com,60.53.152.25,12/31/2020
987,1,5,Herminia,Bunney,hbunneyre@google.ca,105.150.252.250,1/17/2021
988,5,2,Jillana,Stobbart,jstobbartrf@ftc.gov,250.211.18.78,3/20/2021
989,4,3,Dion,Thursby,dthursbyrg@sun.com,222.1.226.216,11/11/2020
990,2,3,Cammie,Robbie,crobbierh@shinystat.com,140.106.164.126,3/9/2021
991,1,5,Terese,Trewhitt,ttrewhittri@dell.com,58.49.56.163,9/14/2020
992,1,4,Leif,Dryburgh,ldryburghrj@ebay.co.uk,175.33.250.74,12/15/2020
993,1,1,Chicky,Nano,cnanork@wikipedia.org,229.131.55.21,6/5/2020
994,6,5,Kriste,Oldall,koldallrl@histats.com,123.23.60.168,8/15/2020
995,2,5,Gilbertine,Plumtree,gplumtreerm@xinhuanet.com,190.45.191.192,3/11/2021
996,4,3,Fulvia,Jakeman,fjakemanrn@bluehost.com,163.118.154.27,11/16/2020
997,6,2,Sharron,Gori,sgoriro@symantec.com,21.78.227.121,12/23/2020
998,6,4,Noelle,Berrecloth,nberreclothrp@ebay.co.uk,59.38.93.175,10/4/2020
999,4,1,Jase,Shinfield,jshinfieldrq@weather.com,177.156.14.231,1/29/2021
1000,4,2,Lucita,Hanssmann,lhanssmannrr@census.gov,218.74.23.114,2/12/2021
